[0m14:35:23.032123 [debug] [MainThread]: Sending event: {'category': 'dbt', 'action': 'invocation', 'label': 'start', 'context': [<snowplow_tracker.self_describing_json.SelfDescribingJson object at 0x109dc2f40>, <snowplow_tracker.self_describing_json.SelfDescribingJson object at 0x10ae58b80>, <snowplow_tracker.self_describing_json.SelfDescribingJson object at 0x10ae58190>]}


============================== 14:35:23.037909 | 55675180-04cf-4383-9f69-e6a470b988fa ==============================
[0m14:35:23.037909 [info ] [MainThread]: Running with dbt=1.10.22
[0m14:35:23.038645 [debug] [MainThread]: running dbt with arguments {'send_anonymous_usage_stats': 'True', 'static_parser': 'True', 'log_cache_events': 'False', 'quiet': 'False', 'use_colors': 'True', 'warn_error_options': 'WarnErrorOptionsV2(error=[], warn=[], silence=[])', 'indirect_selection': 'eager', 'invocation_command': 'dbt build', 'log_path': '/Users/n-mjkim/workspace2/test_20260603/dbt-poc/jaffle_shop_duckdb/logs', 'use_experimental_parser': 'False', 'cache_selected_only': 'False', 'write_json': 'True', 'partial_parse': 'True', 'printer_width': '80', 'warn_error': 'None', 'introspect': 'True', 'target_path': 'None', 'profiles_dir': '/Users/n-mjkim/workspace2/test_20260603/dbt-poc/jaffle_shop_duckdb', 'no_print': 'None', 'log_format': 'default', 'empty': 'False', 'version_check': 'True', 'debug': 'False', 'fail_fast': 'False'}
[0m14:35:23.214770 [error] [MainThread]: Encountered an error:
Runtime Error
  This version of dbt is not supported with the 'jaffle_shop' package.
    Installed version of dbt: =1.10.22
    Required version of dbt for 'jaffle_shop': ['>=1.11.0', '<2.0.0']
  Check for a different version of the 'jaffle_shop' package, or run dbt again with --no-version-check
  

Error encountered in /Users/n-mjkim/workspace2/test_20260603/dbt-poc/jaffle_shop_duckdb/dbt_project.yml
[0m14:35:23.243064 [debug] [MainThread]: Resource report: {"command_name": "build", "command_success": false, "command_wall_clock_time": 0.29657608, "process_in_blocks": "0", "process_kernel_time": 0.29123, "process_mem_max_rss": "117932032", "process_out_blocks": "0", "process_user_time": 1.368566}
[0m14:35:23.243678 [debug] [MainThread]: Command `dbt build` failed at 14:35:23.243583 after 0.30 seconds
[0m14:35:23.244038 [debug] [MainThread]: Sending event: {'category': 'dbt', 'action': 'invocation', 'label': 'end', 'context': [<snowplow_tracker.self_describing_json.SelfDescribingJson object at 0x109dc2f40>, <snowplow_tracker.self_describing_json.SelfDescribingJson object at 0x10affcfa0>, <snowplow_tracker.self_describing_json.SelfDescribingJson object at 0x10affcb80>]}
[0m14:35:23.244414 [debug] [MainThread]: Flushing usage events
[0m14:35:24.108986 [debug] [MainThread]: An error was encountered while trying to flush usage events
[0m14:35:47.352099 [debug] [MainThread]: Sending event: {'category': 'dbt', 'action': 'invocation', 'label': 'start', 'context': [<snowplow_tracker.self_describing_json.SelfDescribingJson object at 0x10a666f40>, <snowplow_tracker.self_describing_json.SelfDescribingJson object at 0x10b6fcb80>, <snowplow_tracker.self_describing_json.SelfDescribingJson object at 0x10b6fc190>]}


============================== 14:35:47.356665 | f51a30db-d211-40f9-8c12-12f62c41362b ==============================
[0m14:35:47.356665 [info ] [MainThread]: Running with dbt=1.10.22
[0m14:35:47.357226 [debug] [MainThread]: running dbt with arguments {'indirect_selection': 'eager', 'write_json': 'True', 'target_path': 'None', 'warn_error': 'None', 'log_cache_events': 'False', 'cache_selected_only': 'False', 'warn_error_options': 'WarnErrorOptionsV2(error=[], warn=[], silence=[])', 'partial_parse': 'True', 'profiles_dir': '/Users/n-mjkim/workspace2/test_20260603/dbt-poc/jaffle_shop_duckdb', 'introspect': 'True', 'no_print': 'None', 'fail_fast': 'False', 'static_parser': 'True', 'quiet': 'False', 'log_path': '/Users/n-mjkim/workspace2/test_20260603/dbt-poc/jaffle_shop_duckdb/logs', 'use_experimental_parser': 'False', 'empty': 'False', 'use_colors': 'True', 'send_anonymous_usage_stats': 'True', 'invocation_command': 'dbt build --no-version-check', 'version_check': 'False', 'printer_width': '80', 'log_format': 'default', 'debug': 'False'}
[0m14:35:47.627503 [debug] [MainThread]: Sending event: {'category': 'dbt', 'action': 'project_id', 'label': 'f51a30db-d211-40f9-8c12-12f62c41362b', 'context': [<snowplow_tracker.self_describing_json.SelfDescribingJson object at 0x108dcc3a0>]}
[0m14:35:47.681186 [debug] [MainThread]: Sending event: {'category': 'dbt', 'action': 'adapter_info', 'label': 'f51a30db-d211-40f9-8c12-12f62c41362b', 'context': [<snowplow_tracker.self_describing_json.SelfDescribingJson object at 0x10af60730>]}
[0m14:35:47.683766 [info ] [MainThread]: Registered adapter: duckdb=1.10.0
[0m14:35:47.823567 [debug] [MainThread]: checksum: 04c83ee057a648a2f8e380c895ffead170732fa039f068d62b9d36aaeefaf7cc, vars: {}, profile: , target: , version: 1.10.22
[0m14:35:47.825092 [info ] [MainThread]: Unable to do partial parsing because saved manifest not found. Starting full parse.
[0m14:35:47.825465 [debug] [MainThread]: Sending event: {'category': 'dbt', 'action': 'partial_parser', 'label': 'f51a30db-d211-40f9-8c12-12f62c41362b', 'context': [<snowplow_tracker.self_describing_json.SelfDescribingJson object at 0x10b99f760>]}
[0m14:35:49.889626 [debug] [MainThread]: Sending event: {'category': 'dbt', 'action': 'load_project', 'label': 'f51a30db-d211-40f9-8c12-12f62c41362b', 'context': [<snowplow_tracker.self_describing_json.SelfDescribingJson object at 0x10bd255b0>]}
[0m14:35:50.020856 [debug] [MainThread]: Wrote artifact WritableManifest to /Users/n-mjkim/workspace2/test_20260603/dbt-poc/jaffle_shop_duckdb/target/manifest.json
[0m14:35:50.023368 [debug] [MainThread]: Wrote artifact SemanticManifest to /Users/n-mjkim/workspace2/test_20260603/dbt-poc/jaffle_shop_duckdb/target/semantic_manifest.json
[0m14:35:50.069856 [debug] [MainThread]: Sending event: {'category': 'dbt', 'action': 'resource_counts', 'label': 'f51a30db-d211-40f9-8c12-12f62c41362b', 'context': [<snowplow_tracker.self_describing_json.SelfDescribingJson object at 0x10b8ad760>]}
[0m14:35:50.070491 [info ] [MainThread]: Found 5 models, 3 seeds, 20 data tests, 456 macros
[0m14:35:50.073280 [info ] [MainThread]: 
[0m14:35:50.073780 [info ] [MainThread]: Concurrency: 24 threads (target='dev')
[0m14:35:50.074092 [info ] [MainThread]: 
[0m14:35:50.074592 [debug] [MainThread]: Acquiring new duckdb connection 'master'
[0m14:35:50.080369 [debug] [ThreadPool]: Acquiring new duckdb connection 'list_jaffle_shop'
[0m14:35:50.208648 [debug] [ThreadPool]: Using duckdb connection "list_jaffle_shop"
[0m14:35:50.209140 [debug] [ThreadPool]: On list_jaffle_shop: /* {"app": "dbt", "dbt_version": "1.10.22", "profile_name": "jaffle_shop", "target_name": "dev", "connection_name": "list_jaffle_shop"} */

    
    select schema_name
    from system.information_schema.schemata
    
    where lower(catalog_name) = '"jaffle_shop"'
    
  
  
[0m14:35:50.209454 [debug] [ThreadPool]: Opening a new connection, currently in state init
[0m14:35:50.228249 [debug] [ThreadPool]: SQL status: OK in 0.019 seconds
[0m14:35:50.229769 [debug] [ThreadPool]: On list_jaffle_shop: Close
[0m14:35:50.230462 [debug] [ThreadPool]: Re-using an available connection from the pool (formerly list_jaffle_shop, now create_jaffle_shop_main)
[0m14:35:50.230903 [debug] [ThreadPool]: Creating schema "database: "jaffle_shop"
schema: "main"
"
[0m14:35:50.238950 [debug] [ThreadPool]: Using duckdb connection "create_jaffle_shop_main"
[0m14:35:50.239377 [debug] [ThreadPool]: On create_jaffle_shop_main: /* {"app": "dbt", "dbt_version": "1.10.22", "profile_name": "jaffle_shop", "target_name": "dev", "connection_name": "create_jaffle_shop_main"} */

    
        select type from duckdb_databases()
        where lower(database_name)='jaffle_shop'
        and type='sqlite'
    
  
[0m14:35:50.239817 [debug] [ThreadPool]: Opening a new connection, currently in state closed
[0m14:35:50.241004 [debug] [ThreadPool]: SQL status: OK in 0.001 seconds
[0m14:35:50.242164 [debug] [ThreadPool]: Using duckdb connection "create_jaffle_shop_main"
[0m14:35:50.242471 [debug] [ThreadPool]: On create_jaffle_shop_main: BEGIN
[0m14:35:50.242886 [debug] [ThreadPool]: SQL status: OK in 0.000 seconds
[0m14:35:50.243158 [debug] [ThreadPool]: Using duckdb connection "create_jaffle_shop_main"
[0m14:35:50.243435 [debug] [ThreadPool]: On create_jaffle_shop_main: /* {"app": "dbt", "dbt_version": "1.10.22", "profile_name": "jaffle_shop", "target_name": "dev", "connection_name": "create_jaffle_shop_main"} */

    
    
        create schema if not exists "jaffle_shop"."main"
    
[0m14:35:50.244068 [debug] [ThreadPool]: SQL status: OK in 0.000 seconds
[0m14:35:50.244849 [debug] [ThreadPool]: On create_jaffle_shop_main: COMMIT
[0m14:35:50.245155 [debug] [ThreadPool]: Using duckdb connection "create_jaffle_shop_main"
[0m14:35:50.245426 [debug] [ThreadPool]: On create_jaffle_shop_main: COMMIT
[0m14:35:50.245803 [debug] [ThreadPool]: SQL status: OK in 0.000 seconds
[0m14:35:50.246087 [debug] [ThreadPool]: On create_jaffle_shop_main: Close
[0m14:35:50.247557 [debug] [ThreadPool]: Re-using an available connection from the pool (formerly create_jaffle_shop_main, now list_jaffle_shop_main)
[0m14:35:50.253412 [debug] [ThreadPool]: Using duckdb connection "list_jaffle_shop_main"
[0m14:35:50.253848 [debug] [ThreadPool]: On list_jaffle_shop_main: BEGIN
[0m14:35:50.254150 [debug] [ThreadPool]: Opening a new connection, currently in state closed
[0m14:35:50.254707 [debug] [ThreadPool]: SQL status: OK in 0.001 seconds
[0m14:35:50.254988 [debug] [ThreadPool]: Using duckdb connection "list_jaffle_shop_main"
[0m14:35:50.255274 [debug] [ThreadPool]: On list_jaffle_shop_main: /* {"app": "dbt", "dbt_version": "1.10.22", "profile_name": "jaffle_shop", "target_name": "dev", "connection_name": "list_jaffle_shop_main"} */
select
      'jaffle_shop' as database,
      table_name as name,
      table_schema as schema,
      CASE table_type
        WHEN 'BASE TABLE' THEN 'table'
        WHEN 'VIEW' THEN 'view'
        WHEN 'LOCAL TEMPORARY' THEN 'table'
        END as type
    from system.information_schema.tables
    where lower(table_schema) = 'main'
    and lower(table_catalog) = 'jaffle_shop'
  
[0m14:35:50.266073 [debug] [ThreadPool]: SQL status: OK in 0.010 seconds
[0m14:35:50.267749 [debug] [ThreadPool]: On list_jaffle_shop_main: ROLLBACK
[0m14:35:50.270028 [debug] [ThreadPool]: Failed to rollback 'list_jaffle_shop_main'
[0m14:35:50.270419 [debug] [ThreadPool]: On list_jaffle_shop_main: Close
[0m14:35:50.271047 [debug] [MainThread]: Sending event: {'category': 'dbt', 'action': 'runnable_timing', 'label': 'f51a30db-d211-40f9-8c12-12f62c41362b', 'context': [<snowplow_tracker.self_describing_json.SelfDescribingJson object at 0x108ea9f10>]}
[0m14:35:50.271580 [debug] [MainThread]: Using duckdb connection "master"
[0m14:35:50.271918 [debug] [MainThread]: On master: BEGIN
[0m14:35:50.272232 [debug] [MainThread]: Opening a new connection, currently in state init
[0m14:35:50.272802 [debug] [MainThread]: SQL status: OK in 0.001 seconds
[0m14:35:50.273119 [debug] [MainThread]: On master: COMMIT
[0m14:35:50.273434 [debug] [MainThread]: Using duckdb connection "master"
[0m14:35:50.273745 [debug] [MainThread]: On master: COMMIT
[0m14:35:50.274195 [debug] [MainThread]: SQL status: OK in 0.000 seconds
[0m14:35:50.274547 [debug] [MainThread]: On master: Close
[0m14:35:50.282784 [debug] [Thread-1  ]: Began running node seed.jaffle_shop.raw_customers
[0m14:35:50.283244 [debug] [Thread-2  ]: Began running node seed.jaffle_shop.raw_orders
[0m14:35:50.284092 [debug] [Thread-3  ]: Began running node seed.jaffle_shop.raw_payments
[0m14:35:50.283762 [info ] [Thread-1  ]: 1 of 28 START seed file main.raw_customers ..................................... [RUN]
[0m14:35:50.284673 [info ] [Thread-2  ]: 2 of 28 START seed file main.raw_orders ........................................ [RUN]
[0m14:35:50.285149 [info ] [Thread-3  ]: 3 of 28 START seed file main.raw_payments ...................................... [RUN]
[0m14:35:50.285617 [debug] [Thread-1  ]: Re-using an available connection from the pool (formerly list_jaffle_shop_main, now seed.jaffle_shop.raw_customers)
[0m14:35:50.286049 [debug] [Thread-2  ]: Acquiring new duckdb connection 'seed.jaffle_shop.raw_orders'
[0m14:35:50.286452 [debug] [Thread-3  ]: Acquiring new duckdb connection 'seed.jaffle_shop.raw_payments'
[0m14:35:50.286799 [debug] [Thread-1  ]: Began compiling node seed.jaffle_shop.raw_customers
[0m14:35:50.287121 [debug] [Thread-2  ]: Began compiling node seed.jaffle_shop.raw_orders
[0m14:35:50.287456 [debug] [Thread-3  ]: Began compiling node seed.jaffle_shop.raw_payments
[0m14:35:50.287812 [debug] [Thread-1  ]: Began executing node seed.jaffle_shop.raw_customers
[0m14:35:50.288142 [debug] [Thread-2  ]: Began executing node seed.jaffle_shop.raw_orders
[0m14:35:50.288468 [debug] [Thread-3  ]: Began executing node seed.jaffle_shop.raw_payments
[0m14:35:50.336925 [debug] [Thread-2  ]: Using duckdb connection "seed.jaffle_shop.raw_orders"
[0m14:35:50.338928 [debug] [Thread-1  ]: Using duckdb connection "seed.jaffle_shop.raw_customers"
[0m14:35:50.339405 [debug] [Thread-2  ]: On seed.jaffle_shop.raw_orders: BEGIN
[0m14:35:50.343069 [debug] [Thread-1  ]: On seed.jaffle_shop.raw_customers: BEGIN
[0m14:35:50.344789 [debug] [Thread-3  ]: Using duckdb connection "seed.jaffle_shop.raw_payments"
[0m14:35:50.345186 [debug] [Thread-2  ]: Opening a new connection, currently in state init
[0m14:35:50.345551 [debug] [Thread-1  ]: Opening a new connection, currently in state closed
[0m14:35:50.345917 [debug] [Thread-3  ]: On seed.jaffle_shop.raw_payments: BEGIN
[0m14:35:50.346578 [debug] [Thread-3  ]: Opening a new connection, currently in state init
[0m14:35:50.347010 [debug] [Thread-1  ]: SQL status: OK in 0.001 seconds
[0m14:35:50.347387 [debug] [Thread-2  ]: SQL status: OK in 0.002 seconds
[0m14:35:50.347734 [debug] [Thread-1  ]: Using duckdb connection "seed.jaffle_shop.raw_customers"
[0m14:35:50.348076 [debug] [Thread-3  ]: SQL status: OK in 0.001 seconds
[0m14:35:50.348393 [debug] [Thread-2  ]: Using duckdb connection "seed.jaffle_shop.raw_orders"
[0m14:35:50.348741 [debug] [Thread-1  ]: On seed.jaffle_shop.raw_customers: /* {"app": "dbt", "dbt_version": "1.10.22", "profile_name": "jaffle_shop", "target_name": "dev", "node_id": "seed.jaffle_shop.raw_customers"} */

    create table "jaffle_shop"."main"."raw_customers" ("id" integer,"first_name" text,"last_name" text)
  
[0m14:35:50.349094 [debug] [Thread-3  ]: Using duckdb connection "seed.jaffle_shop.raw_payments"
[0m14:35:50.349429 [debug] [Thread-2  ]: On seed.jaffle_shop.raw_orders: /* {"app": "dbt", "dbt_version": "1.10.22", "profile_name": "jaffle_shop", "target_name": "dev", "node_id": "seed.jaffle_shop.raw_orders"} */

    create table "jaffle_shop"."main"."raw_orders" ("id" integer,"user_id" integer,"order_date" date,"status" text)
  
[0m14:35:50.349875 [debug] [Thread-3  ]: On seed.jaffle_shop.raw_payments: /* {"app": "dbt", "dbt_version": "1.10.22", "profile_name": "jaffle_shop", "target_name": "dev", "node_id": "seed.jaffle_shop.raw_payments"} */

    create table "jaffle_shop"."main"."raw_payments" ("id" integer,"order_id" integer,"payment_method" text,"amount" integer)
  
[0m14:35:50.350307 [debug] [Thread-1  ]: SQL status: OK in 0.001 seconds
[0m14:35:50.350706 [debug] [Thread-2  ]: SQL status: OK in 0.000 seconds
[0m14:35:50.362663 [debug] [Thread-3  ]: SQL status: OK in 0.012 seconds
[0m14:35:50.363378 [debug] [Thread-1  ]: Using duckdb connection "seed.jaffle_shop.raw_customers"
[0m14:35:50.364621 [debug] [Thread-2  ]: Using duckdb connection "seed.jaffle_shop.raw_orders"
[0m14:35:50.365740 [debug] [Thread-3  ]: Using duckdb connection "seed.jaffle_shop.raw_payments"
[0m14:35:50.366103 [debug] [Thread-1  ]: On seed.jaffle_shop.raw_customers: 
          COPY "jaffle_shop"."main"."raw_customers" FROM '/Users/n-mjkim/workspace2/test_20260603/dbt-poc/jaffle_shop_duckdb/seeds/raw_customers.csv' (FORMAT CSV, HEADER TRUE, DELIMITER ',')
        ...
[0m14:35:50.366447 [debug] [Thread-2  ]: On seed.jaffle_shop.raw_orders: 
          COPY "jaffle_shop"."main"."raw_orders" FROM '/Users/n-mjkim/workspace2/test_20260603/dbt-poc/jaffle_shop_duckdb/seeds/raw_orders.csv' (FORMAT CSV, HEADER TRUE, DELIMITER ',')
        ...
[0m14:35:50.366782 [debug] [Thread-3  ]: On seed.jaffle_shop.raw_payments: 
          COPY "jaffle_shop"."main"."raw_payments" FROM '/Users/n-mjkim/workspace2/test_20260603/dbt-poc/jaffle_shop_duckdb/seeds/raw_payments.csv' (FORMAT CSV, HEADER TRUE, DELIMITER ',')
        ...
[0m14:35:50.376142 [debug] [Thread-3  ]: SQL status: OK in 0.009 seconds
[0m14:35:50.376641 [debug] [Thread-1  ]: SQL status: OK in 0.010 seconds
[0m14:35:50.382816 [debug] [Thread-3  ]: Writing runtime SQL for node "seed.jaffle_shop.raw_payments"
[0m14:35:50.383367 [debug] [Thread-2  ]: SQL status: OK in 0.016 seconds
[0m14:35:50.384070 [debug] [Thread-1  ]: Writing runtime SQL for node "seed.jaffle_shop.raw_customers"
[0m14:35:50.384919 [debug] [Thread-2  ]: Writing runtime SQL for node "seed.jaffle_shop.raw_orders"
[0m14:35:50.400237 [debug] [Thread-1  ]: On seed.jaffle_shop.raw_customers: COMMIT
[0m14:35:50.403578 [debug] [Thread-2  ]: On seed.jaffle_shop.raw_orders: COMMIT
[0m14:35:50.404166 [debug] [Thread-3  ]: On seed.jaffle_shop.raw_payments: COMMIT
[0m14:35:50.404556 [debug] [Thread-1  ]: Using duckdb connection "seed.jaffle_shop.raw_customers"
[0m14:35:50.405174 [debug] [Thread-2  ]: Using duckdb connection "seed.jaffle_shop.raw_orders"
[0m14:35:50.405566 [debug] [Thread-3  ]: Using duckdb connection "seed.jaffle_shop.raw_payments"
[0m14:35:50.406075 [debug] [Thread-1  ]: On seed.jaffle_shop.raw_customers: COMMIT
[0m14:35:50.406433 [debug] [Thread-2  ]: On seed.jaffle_shop.raw_orders: COMMIT
[0m14:35:50.406788 [debug] [Thread-3  ]: On seed.jaffle_shop.raw_payments: COMMIT
[0m14:35:50.408739 [debug] [Thread-1  ]: SQL status: OK in 0.001 seconds
[0m14:35:50.412536 [debug] [Thread-1  ]: On seed.jaffle_shop.raw_customers: Close
[0m14:35:50.413249 [debug] [Thread-3  ]: SQL status: OK in 0.006 seconds
[0m14:35:50.413753 [debug] [Thread-2  ]: SQL status: OK in 0.006 seconds
[0m14:35:50.416885 [debug] [Thread-3  ]: On seed.jaffle_shop.raw_payments: Close
[0m14:35:50.417677 [debug] [Thread-2  ]: On seed.jaffle_shop.raw_orders: Close
[0m14:35:50.418885 [debug] [Thread-1  ]: Sending event: {'category': 'dbt', 'action': 'run_model', 'label': 'f51a30db-d211-40f9-8c12-12f62c41362b', 'context': [<snowplow_tracker.self_describing_json.SelfDescribingJson object at 0x10bcde9a0>]}
[0m14:35:50.419260 [debug] [Thread-2  ]: Sending event: {'category': 'dbt', 'action': 'run_model', 'label': 'f51a30db-d211-40f9-8c12-12f62c41362b', 'context': [<snowplow_tracker.self_describing_json.SelfDescribingJson object at 0x10c548f10>]}
[0m14:35:50.419910 [debug] [Thread-3  ]: Sending event: {'category': 'dbt', 'action': 'run_model', 'label': 'f51a30db-d211-40f9-8c12-12f62c41362b', 'context': [<snowplow_tracker.self_describing_json.SelfDescribingJson object at 0x10c3b6670>]}
[0m14:35:50.420530 [info ] [Thread-1  ]: 1 of 28 OK loaded seed file main.raw_customers ................................. [[32mINSERT 100[0m in 0.13s]
[0m14:35:50.421105 [info ] [Thread-2  ]: 2 of 28 OK loaded seed file main.raw_orders .................................... [[32mINSERT 99[0m in 0.13s]
[0m14:35:50.421595 [info ] [Thread-3  ]: 3 of 28 OK loaded seed file main.raw_payments .................................. [[32mINSERT 113[0m in 0.13s]
[0m14:35:50.422142 [debug] [Thread-1  ]: Finished running node seed.jaffle_shop.raw_customers
[0m14:35:50.422626 [debug] [Thread-2  ]: Finished running node seed.jaffle_shop.raw_orders
[0m14:35:50.423514 [debug] [Thread-3  ]: Finished running node seed.jaffle_shop.raw_payments
[0m14:35:50.424254 [debug] [Thread-5  ]: Began running node model.jaffle_shop.stg_customers
[0m14:35:50.424650 [debug] [Thread-6  ]: Began running node model.jaffle_shop.stg_orders
[0m14:35:50.425116 [info ] [Thread-5  ]: 4 of 28 START sql view model main.stg_customers ................................ [RUN]
[0m14:35:50.425517 [debug] [Thread-8  ]: Began running node model.jaffle_shop.stg_payments
[0m14:35:50.425950 [info ] [Thread-6  ]: 5 of 28 START sql view model main.stg_orders ................................... [RUN]
[0m14:35:50.426458 [debug] [Thread-5  ]: Acquiring new duckdb connection 'model.jaffle_shop.stg_customers'
[0m14:35:50.426909 [info ] [Thread-8  ]: 6 of 28 START sql view model main.stg_payments ................................. [RUN]
[0m14:35:50.427373 [debug] [Thread-6  ]: Acquiring new duckdb connection 'model.jaffle_shop.stg_orders'
[0m14:35:50.427728 [debug] [Thread-5  ]: Began compiling node model.jaffle_shop.stg_customers
[0m14:35:50.428141 [debug] [Thread-8  ]: Acquiring new duckdb connection 'model.jaffle_shop.stg_payments'
[0m14:35:50.428478 [debug] [Thread-6  ]: Began compiling node model.jaffle_shop.stg_orders
[0m14:35:50.436890 [debug] [Thread-5  ]: Writing injected SQL for node "model.jaffle_shop.stg_customers"
[0m14:35:50.437364 [debug] [Thread-8  ]: Began compiling node model.jaffle_shop.stg_payments
[0m14:35:50.440290 [debug] [Thread-6  ]: Writing injected SQL for node "model.jaffle_shop.stg_orders"
[0m14:35:50.443193 [debug] [Thread-8  ]: Writing injected SQL for node "model.jaffle_shop.stg_payments"
[0m14:35:50.444146 [debug] [Thread-6  ]: Began executing node model.jaffle_shop.stg_orders
[0m14:35:50.444501 [debug] [Thread-5  ]: Began executing node model.jaffle_shop.stg_customers
[0m14:35:50.444828 [debug] [Thread-8  ]: Began executing node model.jaffle_shop.stg_payments
[0m14:35:50.479817 [debug] [Thread-6  ]: Writing runtime sql for node "model.jaffle_shop.stg_orders"
[0m14:35:50.480399 [debug] [Thread-5  ]: Writing runtime sql for node "model.jaffle_shop.stg_customers"
[0m14:35:50.484351 [debug] [Thread-8  ]: Writing runtime sql for node "model.jaffle_shop.stg_payments"
[0m14:35:50.485587 [debug] [Thread-5  ]: Using duckdb connection "model.jaffle_shop.stg_customers"
[0m14:35:50.486064 [debug] [Thread-6  ]: Using duckdb connection "model.jaffle_shop.stg_orders"
[0m14:35:50.486459 [debug] [Thread-5  ]: On model.jaffle_shop.stg_customers: BEGIN
[0m14:35:50.486878 [debug] [Thread-6  ]: On model.jaffle_shop.stg_orders: BEGIN
[0m14:35:50.487265 [debug] [Thread-8  ]: Using duckdb connection "model.jaffle_shop.stg_payments"
[0m14:35:50.487580 [debug] [Thread-5  ]: Opening a new connection, currently in state init
[0m14:35:50.487905 [debug] [Thread-6  ]: Opening a new connection, currently in state init
[0m14:35:50.488245 [debug] [Thread-8  ]: On model.jaffle_shop.stg_payments: BEGIN
[0m14:35:50.489518 [debug] [Thread-8  ]: Opening a new connection, currently in state init
[0m14:35:50.489966 [debug] [Thread-5  ]: SQL status: OK in 0.002 seconds
[0m14:35:50.490301 [debug] [Thread-6  ]: SQL status: OK in 0.002 seconds
[0m14:35:50.490757 [debug] [Thread-8  ]: SQL status: OK in 0.001 seconds
[0m14:35:50.491083 [debug] [Thread-5  ]: Using duckdb connection "model.jaffle_shop.stg_customers"
[0m14:35:50.491429 [debug] [Thread-6  ]: Using duckdb connection "model.jaffle_shop.stg_orders"
[0m14:35:50.491753 [debug] [Thread-8  ]: Using duckdb connection "model.jaffle_shop.stg_payments"
[0m14:35:50.492097 [debug] [Thread-5  ]: On model.jaffle_shop.stg_customers: /* {"app": "dbt", "dbt_version": "1.10.22", "profile_name": "jaffle_shop", "target_name": "dev", "node_id": "model.jaffle_shop.stg_customers"} */

  
  create view "jaffle_shop"."main"."stg_customers__dbt_tmp" as (
    with source as (
    select * from "jaffle_shop"."main"."raw_customers"

),

renamed as (

    select
        id as customer_id,
        first_name,
        last_name

    from source

)

select * from renamed
  );

[0m14:35:50.492455 [debug] [Thread-6  ]: On model.jaffle_shop.stg_orders: /* {"app": "dbt", "dbt_version": "1.10.22", "profile_name": "jaffle_shop", "target_name": "dev", "node_id": "model.jaffle_shop.stg_orders"} */

  
  create view "jaffle_shop"."main"."stg_orders__dbt_tmp" as (
    with source as (
    select * from "jaffle_shop"."main"."raw_orders"

),

renamed as (

    select
        id as order_id,
        user_id as customer_id,
        order_date,
        status

    from source

)

select * from renamed
  );

[0m14:35:50.492812 [debug] [Thread-8  ]: On model.jaffle_shop.stg_payments: /* {"app": "dbt", "dbt_version": "1.10.22", "profile_name": "jaffle_shop", "target_name": "dev", "node_id": "model.jaffle_shop.stg_payments"} */

  
  create view "jaffle_shop"."main"."stg_payments__dbt_tmp" as (
    with source as (
    select * from "jaffle_shop"."main"."raw_payments"

),

renamed as (

    select
        id as payment_id,
        order_id,
        payment_method,

        -- `amount` is currently stored in cents, so we convert it to dollars
        amount / 100 as amount

    from source

)

select * from renamed
  );

[0m14:35:50.493734 [debug] [Thread-5  ]: SQL status: OK in 0.000 seconds
[0m14:35:50.501174 [debug] [Thread-5  ]: Using duckdb connection "model.jaffle_shop.stg_customers"
[0m14:35:50.501681 [debug] [Thread-6  ]: SQL status: OK in 0.008 seconds
[0m14:35:50.502117 [debug] [Thread-5  ]: On model.jaffle_shop.stg_customers: /* {"app": "dbt", "dbt_version": "1.10.22", "profile_name": "jaffle_shop", "target_name": "dev", "node_id": "model.jaffle_shop.stg_customers"} */
alter view "jaffle_shop"."main"."stg_customers__dbt_tmp" rename to "stg_customers"
[0m14:35:50.502457 [debug] [Thread-8  ]: SQL status: OK in 0.009 seconds
[0m14:35:50.506471 [debug] [Thread-6  ]: Using duckdb connection "model.jaffle_shop.stg_orders"
[0m14:35:50.510577 [debug] [Thread-8  ]: Using duckdb connection "model.jaffle_shop.stg_payments"
[0m14:35:50.510999 [debug] [Thread-6  ]: On model.jaffle_shop.stg_orders: /* {"app": "dbt", "dbt_version": "1.10.22", "profile_name": "jaffle_shop", "target_name": "dev", "node_id": "model.jaffle_shop.stg_orders"} */
alter view "jaffle_shop"."main"."stg_orders__dbt_tmp" rename to "stg_orders"
[0m14:35:50.511382 [debug] [Thread-5  ]: SQL status: OK in 0.004 seconds
[0m14:35:50.511723 [debug] [Thread-8  ]: On model.jaffle_shop.stg_payments: /* {"app": "dbt", "dbt_version": "1.10.22", "profile_name": "jaffle_shop", "target_name": "dev", "node_id": "model.jaffle_shop.stg_payments"} */
alter view "jaffle_shop"."main"."stg_payments__dbt_tmp" rename to "stg_payments"
[0m14:35:50.513219 [debug] [Thread-5  ]: On model.jaffle_shop.stg_customers: COMMIT
[0m14:35:50.513666 [debug] [Thread-6  ]: SQL status: OK in 0.002 seconds
[0m14:35:50.514007 [debug] [Thread-5  ]: Using duckdb connection "model.jaffle_shop.stg_customers"
[0m14:35:50.514369 [debug] [Thread-8  ]: SQL status: OK in 0.001 seconds
[0m14:35:50.515879 [debug] [Thread-6  ]: On model.jaffle_shop.stg_orders: COMMIT
[0m14:35:50.516227 [debug] [Thread-5  ]: On model.jaffle_shop.stg_customers: COMMIT
[0m14:35:50.517495 [debug] [Thread-8  ]: On model.jaffle_shop.stg_payments: COMMIT
[0m14:35:50.517992 [debug] [Thread-6  ]: Using duckdb connection "model.jaffle_shop.stg_orders"
[0m14:35:50.518475 [debug] [Thread-8  ]: Using duckdb connection "model.jaffle_shop.stg_payments"
[0m14:35:50.518832 [debug] [Thread-6  ]: On model.jaffle_shop.stg_orders: COMMIT
[0m14:35:50.519279 [debug] [Thread-8  ]: On model.jaffle_shop.stg_payments: COMMIT
[0m14:35:50.519694 [debug] [Thread-5  ]: SQL status: OK in 0.001 seconds
[0m14:35:50.527165 [debug] [Thread-5  ]: Using duckdb connection "model.jaffle_shop.stg_customers"
[0m14:35:50.527643 [debug] [Thread-6  ]: SQL status: OK in 0.008 seconds
[0m14:35:50.528025 [debug] [Thread-5  ]: On model.jaffle_shop.stg_customers: /* {"app": "dbt", "dbt_version": "1.10.22", "profile_name": "jaffle_shop", "target_name": "dev", "node_id": "model.jaffle_shop.stg_customers"} */

      drop view if exists "jaffle_shop"."main"."stg_customers__dbt_backup" cascade
    
[0m14:35:50.528385 [debug] [Thread-8  ]: SQL status: OK in 0.008 seconds
[0m14:35:50.530894 [debug] [Thread-6  ]: Using duckdb connection "model.jaffle_shop.stg_orders"
[0m14:35:50.533862 [debug] [Thread-8  ]: Using duckdb connection "model.jaffle_shop.stg_payments"
[0m14:35:50.534289 [debug] [Thread-6  ]: On model.jaffle_shop.stg_orders: /* {"app": "dbt", "dbt_version": "1.10.22", "profile_name": "jaffle_shop", "target_name": "dev", "node_id": "model.jaffle_shop.stg_orders"} */

      drop view if exists "jaffle_shop"."main"."stg_orders__dbt_backup" cascade
    
[0m14:35:50.534705 [debug] [Thread-5  ]: SQL status: OK in 0.003 seconds
[0m14:35:50.535067 [debug] [Thread-8  ]: On model.jaffle_shop.stg_payments: /* {"app": "dbt", "dbt_version": "1.10.22", "profile_name": "jaffle_shop", "target_name": "dev", "node_id": "model.jaffle_shop.stg_payments"} */

      drop view if exists "jaffle_shop"."main"."stg_payments__dbt_backup" cascade
    
[0m14:35:50.536554 [debug] [Thread-5  ]: On model.jaffle_shop.stg_customers: Close
[0m14:35:50.537017 [debug] [Thread-6  ]: SQL status: OK in 0.002 seconds
[0m14:35:50.538160 [debug] [Thread-6  ]: On model.jaffle_shop.stg_orders: Close
[0m14:35:50.538568 [debug] [Thread-8  ]: SQL status: OK in 0.002 seconds
[0m14:35:50.539135 [debug] [Thread-5  ]: Sending event: {'category': 'dbt', 'action': 'run_model', 'label': 'f51a30db-d211-40f9-8c12-12f62c41362b', 'context': [<snowplow_tracker.self_describing_json.SelfDescribingJson object at 0x10beeb160>]}
[0m14:35:50.539611 [debug] [Thread-6  ]: Sending event: {'category': 'dbt', 'action': 'run_model', 'label': 'f51a30db-d211-40f9-8c12-12f62c41362b', 'context': [<snowplow_tracker.self_describing_json.SelfDescribingJson object at 0x10c113b80>]}
[0m14:35:50.540684 [debug] [Thread-8  ]: On model.jaffle_shop.stg_payments: Close
[0m14:35:50.541425 [info ] [Thread-5  ]: 4 of 28 OK created sql view model main.stg_customers ........................... [[32mOK[0m in 0.11s]
[0m14:35:50.541838 [info ] [Thread-6  ]: 5 of 28 OK created sql view model main.stg_orders .............................. [[32mOK[0m in 0.11s]
[0m14:35:50.542513 [debug] [Thread-5  ]: Finished running node model.jaffle_shop.stg_customers
[0m14:35:50.542975 [debug] [Thread-8  ]: Sending event: {'category': 'dbt', 'action': 'run_model', 'label': 'f51a30db-d211-40f9-8c12-12f62c41362b', 'context': [<snowplow_tracker.self_describing_json.SelfDescribingJson object at 0x10c609f10>]}
[0m14:35:50.543481 [debug] [Thread-6  ]: Finished running node model.jaffle_shop.stg_orders
[0m14:35:50.544190 [info ] [Thread-8  ]: 6 of 28 OK created sql view model main.stg_payments ............................ [[32mOK[0m in 0.11s]
[0m14:35:50.544759 [debug] [Thread-10 ]: Began running node test.jaffle_shop.not_null_stg_customers_customer_id.e2cfb1f9aa
[0m14:35:50.545202 [debug] [Thread-11 ]: Began running node test.jaffle_shop.unique_stg_customers_customer_id.c7614daada
[0m14:35:50.545784 [debug] [Thread-8  ]: Finished running node model.jaffle_shop.stg_payments
[0m14:35:50.546156 [debug] [Thread-13 ]: Began running node test.jaffle_shop.accepted_values_stg_orders_status__placed__shipped__completed__return_pending__returned.080fb20aad
[0m14:35:50.546522 [debug] [Thread-14 ]: Began running node test.jaffle_shop.not_null_stg_orders_order_id.81cfe2fe64
[0m14:35:50.546889 [info ] [Thread-10 ]: 7 of 28 START test not_null_stg_customers_customer_id .......................... [RUN]
[0m14:35:50.547301 [debug] [Thread-15 ]: Began running node test.jaffle_shop.unique_stg_orders_order_id.e3b841c71a
[0m14:35:50.547636 [info ] [Thread-11 ]: 8 of 28 START test unique_stg_customers_customer_id ............................ [RUN]
[0m14:35:50.548231 [info ] [Thread-13 ]: 9 of 28 START test accepted_values_stg_orders_status__placed__shipped__completed__return_pending__returned  [RUN]
[0m14:35:50.548693 [info ] [Thread-14 ]: 10 of 28 START test not_null_stg_orders_order_id ............................... [RUN]
[0m14:35:50.550247 [debug] [Thread-17 ]: Began running node test.jaffle_shop.accepted_values_stg_payments_payment_method__credit_card__coupon__bank_transfer__gift_card.3c3820f278
[0m14:35:50.550757 [debug] [Thread-10 ]: Acquiring new duckdb connection 'test.jaffle_shop.not_null_stg_customers_customer_id.e2cfb1f9aa'
[0m14:35:50.551171 [debug] [Thread-18 ]: Began running node test.jaffle_shop.not_null_stg_payments_payment_id.c19cc50075
[0m14:35:50.551559 [debug] [Thread-19 ]: Began running node test.jaffle_shop.unique_stg_payments_payment_id.3744510712
[0m14:35:50.551982 [info ] [Thread-15 ]: 11 of 28 START test unique_stg_orders_order_id ................................. [RUN]
[0m14:35:50.552512 [debug] [Thread-11 ]: Acquiring new duckdb connection 'test.jaffle_shop.unique_stg_customers_customer_id.c7614daada'
[0m14:35:50.552990 [debug] [Thread-13 ]: Acquiring new duckdb connection 'test.jaffle_shop.accepted_values_stg_orders_status__placed__shipped__completed__return_pending__returned.080fb20aad'
[0m14:35:50.553459 [debug] [Thread-14 ]: Acquiring new duckdb connection 'test.jaffle_shop.not_null_stg_orders_order_id.81cfe2fe64'
[0m14:35:50.553899 [info ] [Thread-17 ]: 12 of 28 START test accepted_values_stg_payments_payment_method__credit_card__coupon__bank_transfer__gift_card  [RUN]
[0m14:35:50.554313 [debug] [Thread-10 ]: Began compiling node test.jaffle_shop.not_null_stg_customers_customer_id.e2cfb1f9aa
[0m14:35:50.554686 [info ] [Thread-18 ]: 13 of 28 START test not_null_stg_payments_payment_id ........................... [RUN]
[0m14:35:50.555082 [info ] [Thread-19 ]: 14 of 28 START test unique_stg_payments_payment_id ............................. [RUN]
[0m14:35:50.555524 [debug] [Thread-15 ]: Acquiring new duckdb connection 'test.jaffle_shop.unique_stg_orders_order_id.e3b841c71a'
[0m14:35:50.555896 [debug] [Thread-11 ]: Began compiling node test.jaffle_shop.unique_stg_customers_customer_id.c7614daada
[0m14:35:50.556264 [debug] [Thread-13 ]: Began compiling node test.jaffle_shop.accepted_values_stg_orders_status__placed__shipped__completed__return_pending__returned.080fb20aad
[0m14:35:50.556611 [debug] [Thread-14 ]: Began compiling node test.jaffle_shop.not_null_stg_orders_order_id.81cfe2fe64
[0m14:35:50.557089 [debug] [Thread-17 ]: Acquiring new duckdb connection 'test.jaffle_shop.accepted_values_stg_payments_payment_method__credit_card__coupon__bank_transfer__gift_card.3c3820f278'
[0m14:35:50.566213 [debug] [Thread-10 ]: Writing injected SQL for node "test.jaffle_shop.not_null_stg_customers_customer_id.e2cfb1f9aa"
[0m14:35:50.566746 [debug] [Thread-18 ]: Acquiring new duckdb connection 'test.jaffle_shop.not_null_stg_payments_payment_id.c19cc50075'
[0m14:35:50.567237 [debug] [Thread-19 ]: Acquiring new duckdb connection 'test.jaffle_shop.unique_stg_payments_payment_id.3744510712'
[0m14:35:50.567642 [debug] [Thread-15 ]: Began compiling node test.jaffle_shop.unique_stg_orders_order_id.e3b841c71a
[0m14:35:50.573710 [debug] [Thread-11 ]: Writing injected SQL for node "test.jaffle_shop.unique_stg_customers_customer_id.c7614daada"
[0m14:35:50.580027 [debug] [Thread-13 ]: Writing injected SQL for node "test.jaffle_shop.accepted_values_stg_orders_status__placed__shipped__completed__return_pending__returned.080fb20aad"
[0m14:35:50.584785 [debug] [Thread-14 ]: Writing injected SQL for node "test.jaffle_shop.not_null_stg_orders_order_id.81cfe2fe64"
[0m14:35:50.585359 [debug] [Thread-17 ]: Began compiling node test.jaffle_shop.accepted_values_stg_payments_payment_method__credit_card__coupon__bank_transfer__gift_card.3c3820f278
[0m14:35:50.585878 [debug] [Thread-18 ]: Began compiling node test.jaffle_shop.not_null_stg_payments_payment_id.c19cc50075
[0m14:35:50.586323 [debug] [Thread-19 ]: Began compiling node test.jaffle_shop.unique_stg_payments_payment_id.3744510712
[0m14:35:50.590666 [debug] [Thread-15 ]: Writing injected SQL for node "test.jaffle_shop.unique_stg_orders_order_id.e3b841c71a"
[0m14:35:50.596019 [debug] [Thread-17 ]: Writing injected SQL for node "test.jaffle_shop.accepted_values_stg_payments_payment_method__credit_card__coupon__bank_transfer__gift_card.3c3820f278"
[0m14:35:50.596627 [debug] [Thread-10 ]: Began executing node test.jaffle_shop.not_null_stg_customers_customer_id.e2cfb1f9aa
[0m14:35:50.603353 [debug] [Thread-13 ]: Began executing node test.jaffle_shop.accepted_values_stg_orders_status__placed__shipped__completed__return_pending__returned.080fb20aad
[0m14:35:50.603017 [debug] [Thread-18 ]: Writing injected SQL for node "test.jaffle_shop.not_null_stg_payments_payment_id.c19cc50075"
[0m14:35:50.604091 [debug] [Thread-11 ]: Began executing node test.jaffle_shop.unique_stg_customers_customer_id.c7614daada
[0m14:35:50.609724 [debug] [Thread-19 ]: Writing injected SQL for node "test.jaffle_shop.unique_stg_payments_payment_id.3744510712"
[0m14:35:50.610222 [debug] [Thread-14 ]: Began executing node test.jaffle_shop.not_null_stg_orders_order_id.81cfe2fe64
[0m14:35:50.651684 [debug] [Thread-13 ]: Writing runtime sql for node "test.jaffle_shop.accepted_values_stg_orders_status__placed__shipped__completed__return_pending__returned.080fb20aad"
[0m14:35:50.652381 [debug] [Thread-15 ]: Began executing node test.jaffle_shop.unique_stg_orders_order_id.e3b841c71a
[0m14:35:50.654098 [debug] [Thread-10 ]: Writing runtime sql for node "test.jaffle_shop.not_null_stg_customers_customer_id.e2cfb1f9aa"
[0m14:35:50.659121 [debug] [Thread-11 ]: Writing runtime sql for node "test.jaffle_shop.unique_stg_customers_customer_id.c7614daada"
[0m14:35:50.663262 [debug] [Thread-14 ]: Writing runtime sql for node "test.jaffle_shop.not_null_stg_orders_order_id.81cfe2fe64"
[0m14:35:50.663984 [debug] [Thread-18 ]: Began executing node test.jaffle_shop.not_null_stg_payments_payment_id.c19cc50075
[0m14:35:50.664505 [debug] [Thread-17 ]: Began executing node test.jaffle_shop.accepted_values_stg_payments_payment_method__credit_card__coupon__bank_transfer__gift_card.3c3820f278
[0m14:35:50.667970 [debug] [Thread-15 ]: Writing runtime sql for node "test.jaffle_shop.unique_stg_orders_order_id.e3b841c71a"
[0m14:35:50.668502 [debug] [Thread-19 ]: Began executing node test.jaffle_shop.unique_stg_payments_payment_id.3744510712
[0m14:35:50.672832 [debug] [Thread-18 ]: Writing runtime sql for node "test.jaffle_shop.not_null_stg_payments_payment_id.c19cc50075"
[0m14:35:50.673452 [debug] [Thread-10 ]: Using duckdb connection "test.jaffle_shop.not_null_stg_customers_customer_id.e2cfb1f9aa"
[0m14:35:50.677076 [debug] [Thread-17 ]: Writing runtime sql for node "test.jaffle_shop.accepted_values_stg_payments_payment_method__credit_card__coupon__bank_transfer__gift_card.3c3820f278"
[0m14:35:50.677719 [debug] [Thread-13 ]: Using duckdb connection "test.jaffle_shop.accepted_values_stg_orders_status__placed__shipped__completed__return_pending__returned.080fb20aad"
[0m14:35:50.678338 [debug] [Thread-14 ]: Using duckdb connection "test.jaffle_shop.not_null_stg_orders_order_id.81cfe2fe64"
[0m14:35:50.678874 [debug] [Thread-11 ]: Using duckdb connection "test.jaffle_shop.unique_stg_customers_customer_id.c7614daada"
[0m14:35:50.745759 [debug] [Thread-19 ]: Writing runtime sql for node "test.jaffle_shop.unique_stg_payments_payment_id.3744510712"
[0m14:35:50.746458 [debug] [Thread-10 ]: On test.jaffle_shop.not_null_stg_customers_customer_id.e2cfb1f9aa: BEGIN
[0m14:35:50.746965 [debug] [Thread-15 ]: Using duckdb connection "test.jaffle_shop.unique_stg_orders_order_id.e3b841c71a"
[0m14:35:50.747477 [debug] [Thread-13 ]: On test.jaffle_shop.accepted_values_stg_orders_status__placed__shipped__completed__return_pending__returned.080fb20aad: BEGIN
[0m14:35:50.747970 [debug] [Thread-14 ]: On test.jaffle_shop.not_null_stg_orders_order_id.81cfe2fe64: BEGIN
[0m14:35:50.748418 [debug] [Thread-11 ]: On test.jaffle_shop.unique_stg_customers_customer_id.c7614daada: BEGIN
[0m14:35:50.748887 [debug] [Thread-17 ]: Using duckdb connection "test.jaffle_shop.accepted_values_stg_payments_payment_method__credit_card__coupon__bank_transfer__gift_card.3c3820f278"
[0m14:35:50.749286 [debug] [Thread-18 ]: Using duckdb connection "test.jaffle_shop.not_null_stg_payments_payment_id.c19cc50075"
[0m14:35:50.749740 [debug] [Thread-10 ]: Opening a new connection, currently in state init
[0m14:35:50.750289 [debug] [Thread-15 ]: On test.jaffle_shop.unique_stg_orders_order_id.e3b841c71a: BEGIN
[0m14:35:50.750691 [debug] [Thread-13 ]: Opening a new connection, currently in state init
[0m14:35:50.751110 [debug] [Thread-19 ]: Using duckdb connection "test.jaffle_shop.unique_stg_payments_payment_id.3744510712"
[0m14:35:50.751477 [debug] [Thread-14 ]: Opening a new connection, currently in state init
[0m14:35:50.751855 [debug] [Thread-11 ]: Opening a new connection, currently in state init
[0m14:35:50.752260 [debug] [Thread-17 ]: On test.jaffle_shop.accepted_values_stg_payments_payment_method__credit_card__coupon__bank_transfer__gift_card.3c3820f278: BEGIN
[0m14:35:50.752636 [debug] [Thread-18 ]: On test.jaffle_shop.not_null_stg_payments_payment_id.c19cc50075: BEGIN
[0m14:35:50.753197 [debug] [Thread-15 ]: Opening a new connection, currently in state init
[0m14:35:50.753716 [debug] [Thread-10 ]: SQL status: OK in 0.004 seconds
[0m14:35:50.754997 [debug] [Thread-19 ]: On test.jaffle_shop.unique_stg_payments_payment_id.3744510712: BEGIN
[0m14:35:50.755378 [debug] [Thread-13 ]: SQL status: OK in 0.005 seconds
[0m14:35:50.755993 [debug] [Thread-17 ]: Opening a new connection, currently in state init
[0m14:35:50.756444 [debug] [Thread-18 ]: Opening a new connection, currently in state init
[0m14:35:50.756796 [debug] [Thread-14 ]: SQL status: OK in 0.005 seconds
[0m14:35:50.757162 [debug] [Thread-11 ]: SQL status: OK in 0.005 seconds
[0m14:35:50.757724 [debug] [Thread-10 ]: Using duckdb connection "test.jaffle_shop.not_null_stg_customers_customer_id.e2cfb1f9aa"
[0m14:35:50.758133 [debug] [Thread-19 ]: Opening a new connection, currently in state init
[0m14:35:50.758524 [debug] [Thread-15 ]: SQL status: OK in 0.005 seconds
[0m14:35:50.758923 [debug] [Thread-13 ]: Using duckdb connection "test.jaffle_shop.accepted_values_stg_orders_status__placed__shipped__completed__return_pending__returned.080fb20aad"
[0m14:35:50.759501 [debug] [Thread-14 ]: Using duckdb connection "test.jaffle_shop.not_null_stg_orders_order_id.81cfe2fe64"
[0m14:35:50.759904 [debug] [Thread-17 ]: SQL status: OK in 0.004 seconds
[0m14:35:50.760268 [debug] [Thread-11 ]: Using duckdb connection "test.jaffle_shop.unique_stg_customers_customer_id.c7614daada"
[0m14:35:50.760630 [debug] [Thread-18 ]: SQL status: OK in 0.004 seconds
[0m14:35:50.761039 [debug] [Thread-10 ]: On test.jaffle_shop.not_null_stg_customers_customer_id.e2cfb1f9aa: /* {"app": "dbt", "dbt_version": "1.10.22", "profile_name": "jaffle_shop", "target_name": "dev", "node_id": "test.jaffle_shop.not_null_stg_customers_customer_id.e2cfb1f9aa"} */

    select
      count(*) as failures,
      count(*) != 0 as should_warn,
      count(*) != 0 as should_error
    from (
      
    
  
    
    



select customer_id
from "jaffle_shop"."main"."stg_customers"
where customer_id is null



  
  
      
    ) dbt_internal_test
[0m14:35:50.761528 [debug] [Thread-15 ]: Using duckdb connection "test.jaffle_shop.unique_stg_orders_order_id.e3b841c71a"
[0m14:35:50.761958 [debug] [Thread-13 ]: On test.jaffle_shop.accepted_values_stg_orders_status__placed__shipped__completed__return_pending__returned.080fb20aad: /* {"app": "dbt", "dbt_version": "1.10.22", "profile_name": "jaffle_shop", "target_name": "dev", "node_id": "test.jaffle_shop.accepted_values_stg_orders_status__placed__shipped__completed__return_pending__returned.080fb20aad"} */

    select
      count(*) as failures,
      count(*) != 0 as should_warn,
      count(*) != 0 as should_error
    from (
      
    
  
    
    

with all_values as (

    select
        status as value_field,
        count(*) as n_records

    from "jaffle_shop"."main"."stg_orders"
    group by status

)

select *
from all_values
where value_field not in (
    'placed','shipped','completed','return_pending','returned'
)



  
  
      
    ) dbt_internal_test
[0m14:35:50.762356 [debug] [Thread-14 ]: On test.jaffle_shop.not_null_stg_orders_order_id.81cfe2fe64: /* {"app": "dbt", "dbt_version": "1.10.22", "profile_name": "jaffle_shop", "target_name": "dev", "node_id": "test.jaffle_shop.not_null_stg_orders_order_id.81cfe2fe64"} */

    select
      count(*) as failures,
      count(*) != 0 as should_warn,
      count(*) != 0 as should_error
    from (
      
    
  
    
    



select order_id
from "jaffle_shop"."main"."stg_orders"
where order_id is null



  
  
      
    ) dbt_internal_test
[0m14:35:50.762702 [debug] [Thread-19 ]: SQL status: OK in 0.005 seconds
[0m14:35:50.763041 [debug] [Thread-17 ]: Using duckdb connection "test.jaffle_shop.accepted_values_stg_payments_payment_method__credit_card__coupon__bank_transfer__gift_card.3c3820f278"
[0m14:35:50.763390 [debug] [Thread-11 ]: On test.jaffle_shop.unique_stg_customers_customer_id.c7614daada: /* {"app": "dbt", "dbt_version": "1.10.22", "profile_name": "jaffle_shop", "target_name": "dev", "node_id": "test.jaffle_shop.unique_stg_customers_customer_id.c7614daada"} */

    select
      count(*) as failures,
      count(*) != 0 as should_warn,
      count(*) != 0 as should_error
    from (
      
    
  
    
    

select
    customer_id as unique_field,
    count(*) as n_records

from "jaffle_shop"."main"."stg_customers"
where customer_id is not null
group by customer_id
having count(*) > 1



  
  
      
    ) dbt_internal_test
[0m14:35:50.763772 [debug] [Thread-18 ]: Using duckdb connection "test.jaffle_shop.not_null_stg_payments_payment_id.c19cc50075"
[0m14:35:50.764298 [debug] [Thread-15 ]: On test.jaffle_shop.unique_stg_orders_order_id.e3b841c71a: /* {"app": "dbt", "dbt_version": "1.10.22", "profile_name": "jaffle_shop", "target_name": "dev", "node_id": "test.jaffle_shop.unique_stg_orders_order_id.e3b841c71a"} */

    select
      count(*) as failures,
      count(*) != 0 as should_warn,
      count(*) != 0 as should_error
    from (
      
    
  
    
    

select
    order_id as unique_field,
    count(*) as n_records

from "jaffle_shop"."main"."stg_orders"
where order_id is not null
group by order_id
having count(*) > 1



  
  
      
    ) dbt_internal_test
[0m14:35:50.764999 [debug] [Thread-19 ]: Using duckdb connection "test.jaffle_shop.unique_stg_payments_payment_id.3744510712"
[0m14:35:50.765491 [debug] [Thread-17 ]: On test.jaffle_shop.accepted_values_stg_payments_payment_method__credit_card__coupon__bank_transfer__gift_card.3c3820f278: /* {"app": "dbt", "dbt_version": "1.10.22", "profile_name": "jaffle_shop", "target_name": "dev", "node_id": "test.jaffle_shop.accepted_values_stg_payments_payment_method__credit_card__coupon__bank_transfer__gift_card.3c3820f278"} */

    select
      count(*) as failures,
      count(*) != 0 as should_warn,
      count(*) != 0 as should_error
    from (
      
    
  
    
    

with all_values as (

    select
        payment_method as value_field,
        count(*) as n_records

    from "jaffle_shop"."main"."stg_payments"
    group by payment_method

)

select *
from all_values
where value_field not in (
    'credit_card','coupon','bank_transfer','gift_card'
)



  
  
      
    ) dbt_internal_test
[0m14:35:50.765909 [debug] [Thread-14 ]: SQL status: OK in 0.001 seconds
[0m14:35:50.766253 [debug] [Thread-13 ]: SQL status: OK in 0.002 seconds
[0m14:35:50.766638 [debug] [Thread-10 ]: SQL status: OK in 0.003 seconds
[0m14:35:50.767007 [debug] [Thread-18 ]: On test.jaffle_shop.not_null_stg_payments_payment_id.c19cc50075: /* {"app": "dbt", "dbt_version": "1.10.22", "profile_name": "jaffle_shop", "target_name": "dev", "node_id": "test.jaffle_shop.not_null_stg_payments_payment_id.c19cc50075"} */

    select
      count(*) as failures,
      count(*) != 0 as should_warn,
      count(*) != 0 as should_error
    from (
      
    
  
    
    



select payment_id
from "jaffle_shop"."main"."stg_payments"
where payment_id is null



  
  
      
    ) dbt_internal_test
[0m14:35:50.767423 [debug] [Thread-19 ]: On test.jaffle_shop.unique_stg_payments_payment_id.3744510712: /* {"app": "dbt", "dbt_version": "1.10.22", "profile_name": "jaffle_shop", "target_name": "dev", "node_id": "test.jaffle_shop.unique_stg_payments_payment_id.3744510712"} */

    select
      count(*) as failures,
      count(*) != 0 as should_warn,
      count(*) != 0 as should_error
    from (
      
    
  
    
    

select
    payment_id as unique_field,
    count(*) as n_records

from "jaffle_shop"."main"."stg_payments"
where payment_id is not null
group by payment_id
having count(*) > 1



  
  
      
    ) dbt_internal_test
[0m14:35:50.770943 [debug] [Thread-13 ]: On test.jaffle_shop.accepted_values_stg_orders_status__placed__shipped__completed__return_pending__returned.080fb20aad: ROLLBACK
[0m14:35:50.771327 [debug] [Thread-11 ]: SQL status: OK in 0.005 seconds
[0m14:35:50.771692 [debug] [Thread-17 ]: SQL status: OK in 0.004 seconds
[0m14:35:50.772009 [debug] [Thread-15 ]: SQL status: OK in 0.005 seconds
[0m14:35:50.773169 [debug] [Thread-10 ]: On test.jaffle_shop.not_null_stg_customers_customer_id.e2cfb1f9aa: ROLLBACK
[0m14:35:50.774201 [debug] [Thread-14 ]: On test.jaffle_shop.not_null_stg_orders_order_id.81cfe2fe64: ROLLBACK
[0m14:35:50.774858 [debug] [Thread-13 ]: Failed to rollback 'test.jaffle_shop.accepted_values_stg_orders_status__placed__shipped__completed__return_pending__returned.080fb20aad'
[0m14:35:50.776080 [debug] [Thread-11 ]: On test.jaffle_shop.unique_stg_customers_customer_id.c7614daada: ROLLBACK
[0m14:35:50.776407 [debug] [Thread-18 ]: SQL status: OK in 0.002 seconds
[0m14:35:50.776737 [debug] [Thread-19 ]: SQL status: OK in 0.002 seconds
[0m14:35:50.777832 [debug] [Thread-17 ]: On test.jaffle_shop.accepted_values_stg_payments_payment_method__credit_card__coupon__bank_transfer__gift_card.3c3820f278: ROLLBACK
[0m14:35:50.778904 [debug] [Thread-15 ]: On test.jaffle_shop.unique_stg_orders_order_id.e3b841c71a: ROLLBACK
[0m14:35:50.779309 [debug] [Thread-10 ]: Failed to rollback 'test.jaffle_shop.not_null_stg_customers_customer_id.e2cfb1f9aa'
[0m14:35:50.779689 [debug] [Thread-14 ]: Failed to rollback 'test.jaffle_shop.not_null_stg_orders_order_id.81cfe2fe64'
[0m14:35:50.780011 [debug] [Thread-13 ]: On test.jaffle_shop.accepted_values_stg_orders_status__placed__shipped__completed__return_pending__returned.080fb20aad: Close
[0m14:35:50.780386 [debug] [Thread-11 ]: Failed to rollback 'test.jaffle_shop.unique_stg_customers_customer_id.c7614daada'
[0m14:35:50.781536 [debug] [Thread-18 ]: On test.jaffle_shop.not_null_stg_payments_payment_id.c19cc50075: ROLLBACK
[0m14:35:50.782742 [debug] [Thread-19 ]: On test.jaffle_shop.unique_stg_payments_payment_id.3744510712: ROLLBACK
[0m14:35:50.783147 [debug] [Thread-17 ]: Failed to rollback 'test.jaffle_shop.accepted_values_stg_payments_payment_method__credit_card__coupon__bank_transfer__gift_card.3c3820f278'
[0m14:35:50.783547 [debug] [Thread-15 ]: Failed to rollback 'test.jaffle_shop.unique_stg_orders_order_id.e3b841c71a'
[0m14:35:50.783857 [debug] [Thread-10 ]: On test.jaffle_shop.not_null_stg_customers_customer_id.e2cfb1f9aa: Close
[0m14:35:50.784180 [debug] [Thread-14 ]: On test.jaffle_shop.not_null_stg_orders_order_id.81cfe2fe64: Close
[0m14:35:50.784544 [debug] [Thread-11 ]: On test.jaffle_shop.unique_stg_customers_customer_id.c7614daada: Close
[0m14:35:50.785106 [info ] [Thread-13 ]: 9 of 28 PASS accepted_values_stg_orders_status__placed__shipped__completed__return_pending__returned  [[32mPASS[0m in 0.23s]
[0m14:35:50.785550 [debug] [Thread-18 ]: Failed to rollback 'test.jaffle_shop.not_null_stg_payments_payment_id.c19cc50075'
[0m14:35:50.785912 [debug] [Thread-19 ]: Failed to rollback 'test.jaffle_shop.unique_stg_payments_payment_id.3744510712'
[0m14:35:50.786243 [debug] [Thread-17 ]: On test.jaffle_shop.accepted_values_stg_payments_payment_method__credit_card__coupon__bank_transfer__gift_card.3c3820f278: Close
[0m14:35:50.786564 [debug] [Thread-15 ]: On test.jaffle_shop.unique_stg_orders_order_id.e3b841c71a: Close
[0m14:35:50.787047 [info ] [Thread-10 ]: 7 of 28 PASS not_null_stg_customers_customer_id ................................ [[32mPASS[0m in 0.24s]
[0m14:35:50.787574 [info ] [Thread-14 ]: 10 of 28 PASS not_null_stg_orders_order_id ..................................... [[32mPASS[0m in 0.23s]
[0m14:35:50.788072 [info ] [Thread-11 ]: 8 of 28 PASS unique_stg_customers_customer_id .................................. [[32mPASS[0m in 0.24s]
[0m14:35:50.788556 [debug] [Thread-13 ]: Finished running node test.jaffle_shop.accepted_values_stg_orders_status__placed__shipped__completed__return_pending__returned.080fb20aad
[0m14:35:50.788882 [debug] [Thread-18 ]: On test.jaffle_shop.not_null_stg_payments_payment_id.c19cc50075: Close
[0m14:35:50.789196 [debug] [Thread-19 ]: On test.jaffle_shop.unique_stg_payments_payment_id.3744510712: Close
[0m14:35:50.789684 [info ] [Thread-17 ]: 12 of 28 PASS accepted_values_stg_payments_payment_method__credit_card__coupon__bank_transfer__gift_card  [[32mPASS[0m in 0.23s]
[0m14:35:50.790166 [info ] [Thread-15 ]: 11 of 28 PASS unique_stg_orders_order_id ....................................... [[32mPASS[0m in 0.23s]
[0m14:35:50.790624 [debug] [Thread-10 ]: Finished running node test.jaffle_shop.not_null_stg_customers_customer_id.e2cfb1f9aa
[0m14:35:50.791062 [debug] [Thread-14 ]: Finished running node test.jaffle_shop.not_null_stg_orders_order_id.81cfe2fe64
[0m14:35:50.791490 [debug] [Thread-11 ]: Finished running node test.jaffle_shop.unique_stg_customers_customer_id.c7614daada
[0m14:35:50.792087 [info ] [Thread-18 ]: 13 of 28 PASS not_null_stg_payments_payment_id ................................. [[32mPASS[0m in 0.23s]
[0m14:35:50.792595 [debug] [Thread-17 ]: Finished running node test.jaffle_shop.accepted_values_stg_payments_payment_method__credit_card__coupon__bank_transfer__gift_card.3c3820f278
[0m14:35:50.793013 [info ] [Thread-19 ]: 14 of 28 PASS unique_stg_payments_payment_id ................................... [[32mPASS[0m in 0.23s]
[0m14:35:50.793469 [debug] [Thread-15 ]: Finished running node test.jaffle_shop.unique_stg_orders_order_id.e3b841c71a
[0m14:35:50.794069 [debug] [Thread-18 ]: Finished running node test.jaffle_shop.not_null_stg_payments_payment_id.c19cc50075
[0m14:35:50.794553 [debug] [Thread-19 ]: Finished running node test.jaffle_shop.unique_stg_payments_payment_id.3744510712
[0m14:35:50.795288 [debug] [Thread-21 ]: Began running node model.jaffle_shop.customers
[0m14:35:50.795717 [debug] [Thread-22 ]: Began running node model.jaffle_shop.orders
[0m14:35:50.796199 [info ] [Thread-21 ]: 15 of 28 START sql table model main.customers .................................. [RUN]
[0m14:35:50.796651 [info ] [Thread-22 ]: 16 of 28 START sql table model main.orders ..................................... [RUN]
[0m14:35:50.797122 [debug] [Thread-21 ]: Acquiring new duckdb connection 'model.jaffle_shop.customers'
[0m14:35:50.797534 [debug] [Thread-22 ]: Acquiring new duckdb connection 'model.jaffle_shop.orders'
[0m14:35:50.797876 [debug] [Thread-21 ]: Began compiling node model.jaffle_shop.customers
[0m14:35:50.798200 [debug] [Thread-22 ]: Began compiling node model.jaffle_shop.orders
[0m14:35:50.802134 [debug] [Thread-21 ]: Writing injected SQL for node "model.jaffle_shop.customers"
[0m14:35:50.806507 [debug] [Thread-22 ]: Writing injected SQL for node "model.jaffle_shop.orders"
[0m14:35:50.807336 [debug] [Thread-21 ]: Began executing node model.jaffle_shop.customers
[0m14:35:50.807684 [debug] [Thread-22 ]: Began executing node model.jaffle_shop.orders
[0m14:35:50.832571 [debug] [Thread-21 ]: Writing runtime sql for node "model.jaffle_shop.customers"
[0m14:35:50.835813 [debug] [Thread-22 ]: Writing runtime sql for node "model.jaffle_shop.orders"
[0m14:35:50.836696 [debug] [Thread-22 ]: Using duckdb connection "model.jaffle_shop.orders"
[0m14:35:50.837042 [debug] [Thread-22 ]: On model.jaffle_shop.orders: BEGIN
[0m14:35:50.837360 [debug] [Thread-22 ]: Opening a new connection, currently in state init
[0m14:35:50.837722 [debug] [Thread-21 ]: Using duckdb connection "model.jaffle_shop.customers"
[0m14:35:50.838201 [debug] [Thread-21 ]: On model.jaffle_shop.customers: BEGIN
[0m14:35:50.838512 [debug] [Thread-21 ]: Opening a new connection, currently in state init
[0m14:35:50.838850 [debug] [Thread-22 ]: SQL status: OK in 0.001 seconds
[0m14:35:50.839277 [debug] [Thread-22 ]: Using duckdb connection "model.jaffle_shop.orders"
[0m14:35:50.839652 [debug] [Thread-22 ]: On model.jaffle_shop.orders: /* {"app": "dbt", "dbt_version": "1.10.22", "profile_name": "jaffle_shop", "target_name": "dev", "node_id": "model.jaffle_shop.orders"} */

  
    
    

    create  table
      "jaffle_shop"."main"."orders__dbt_tmp"
  
    as (
      

with orders as (

    select * from "jaffle_shop"."main"."stg_orders"

),

payments as (

    select * from "jaffle_shop"."main"."stg_payments"

),

order_payments as (

    select
        order_id,

        sum(case when payment_method = 'credit_card' then amount else 0 end) as credit_card_amount,
        sum(case when payment_method = 'coupon' then amount else 0 end) as coupon_amount,
        sum(case when payment_method = 'bank_transfer' then amount else 0 end) as bank_transfer_amount,
        sum(case when payment_method = 'gift_card' then amount else 0 end) as gift_card_amount,
        sum(amount) as total_amount

    from payments

    group by order_id

),

final as (

    select
        orders.order_id,
        orders.customer_id,
        orders.order_date,
        orders.status,

        order_payments.credit_card_amount,

        order_payments.coupon_amount,

        order_payments.bank_transfer_amount,

        order_payments.gift_card_amount,

        order_payments.total_amount as amount

    from orders


    left join order_payments
        on orders.order_id = order_payments.order_id

)

select * from final
    );
  
  
[0m14:35:50.840036 [debug] [Thread-21 ]: SQL status: OK in 0.002 seconds
[0m14:35:50.840576 [debug] [Thread-21 ]: Using duckdb connection "model.jaffle_shop.customers"
[0m14:35:50.840960 [debug] [Thread-21 ]: On model.jaffle_shop.customers: /* {"app": "dbt", "dbt_version": "1.10.22", "profile_name": "jaffle_shop", "target_name": "dev", "node_id": "model.jaffle_shop.customers"} */

  
    
    

    create  table
      "jaffle_shop"."main"."customers__dbt_tmp"
  
    as (
      with customers as (

    select * from "jaffle_shop"."main"."stg_customers"

),

orders as (

    select * from "jaffle_shop"."main"."stg_orders"

),

payments as (

    select * from "jaffle_shop"."main"."stg_payments"

),

customer_orders as (

        select
        customer_id,

        min(order_date) as first_order,
        max(order_date) as most_recent_order,
        count(order_id) as number_of_orders
    from orders

    group by customer_id

),

customer_payments as (

    select
        orders.customer_id,
        sum(amount) as total_amount

    from payments

    left join orders on
         payments.order_id = orders.order_id

    group by orders.customer_id

),

final as (

    select
        customers.customer_id,
        customers.first_name,
        customers.last_name,
        customer_orders.first_order,
        customer_orders.most_recent_order,
        customer_orders.number_of_orders,
        customer_payments.total_amount as customer_lifetime_value

    from customers

    left join customer_orders
        on customers.customer_id = customer_orders.customer_id

    left join customer_payments
        on  customers.customer_id = customer_payments.customer_id

)

select * from final
    );
  
  
[0m14:35:50.844883 [debug] [Thread-22 ]: SQL status: OK in 0.004 seconds
[0m14:35:50.848250 [debug] [Thread-22 ]: Using duckdb connection "model.jaffle_shop.orders"
[0m14:35:50.848614 [debug] [Thread-21 ]: SQL status: OK in 0.007 seconds
[0m14:35:50.848951 [debug] [Thread-22 ]: On model.jaffle_shop.orders: /* {"app": "dbt", "dbt_version": "1.10.22", "profile_name": "jaffle_shop", "target_name": "dev", "node_id": "model.jaffle_shop.orders"} */
alter table "jaffle_shop"."main"."orders__dbt_tmp" rename to "orders"
[0m14:35:50.852765 [debug] [Thread-21 ]: Using duckdb connection "model.jaffle_shop.customers"
[0m14:35:50.853251 [debug] [Thread-21 ]: On model.jaffle_shop.customers: /* {"app": "dbt", "dbt_version": "1.10.22", "profile_name": "jaffle_shop", "target_name": "dev", "node_id": "model.jaffle_shop.customers"} */
alter table "jaffle_shop"."main"."customers__dbt_tmp" rename to "customers"
[0m14:35:50.853650 [debug] [Thread-22 ]: SQL status: OK in 0.001 seconds
[0m14:35:50.855174 [debug] [Thread-22 ]: On model.jaffle_shop.orders: COMMIT
[0m14:35:50.855526 [debug] [Thread-21 ]: SQL status: OK in 0.002 seconds
[0m14:35:50.855874 [debug] [Thread-22 ]: Using duckdb connection "model.jaffle_shop.orders"
[0m14:35:50.857306 [debug] [Thread-21 ]: On model.jaffle_shop.customers: COMMIT
[0m14:35:50.857656 [debug] [Thread-22 ]: On model.jaffle_shop.orders: COMMIT
[0m14:35:50.857980 [debug] [Thread-21 ]: Using duckdb connection "model.jaffle_shop.customers"
[0m14:35:50.858371 [debug] [Thread-21 ]: On model.jaffle_shop.customers: COMMIT
[0m14:35:50.858815 [debug] [Thread-22 ]: SQL status: OK in 0.001 seconds
[0m14:35:50.861214 [debug] [Thread-22 ]: Using duckdb connection "model.jaffle_shop.orders"
[0m14:35:50.861561 [debug] [Thread-21 ]: SQL status: OK in 0.003 seconds
[0m14:35:50.861900 [debug] [Thread-22 ]: On model.jaffle_shop.orders: /* {"app": "dbt", "dbt_version": "1.10.22", "profile_name": "jaffle_shop", "target_name": "dev", "node_id": "model.jaffle_shop.orders"} */

      drop table if exists "jaffle_shop"."main"."orders__dbt_backup" cascade
    
[0m14:35:50.864347 [debug] [Thread-21 ]: Using duckdb connection "model.jaffle_shop.customers"
[0m14:35:50.864827 [debug] [Thread-21 ]: On model.jaffle_shop.customers: /* {"app": "dbt", "dbt_version": "1.10.22", "profile_name": "jaffle_shop", "target_name": "dev", "node_id": "model.jaffle_shop.customers"} */

      drop table if exists "jaffle_shop"."main"."customers__dbt_backup" cascade
    
[0m14:35:50.865226 [debug] [Thread-22 ]: SQL status: OK in 0.001 seconds
[0m14:35:50.866353 [debug] [Thread-22 ]: On model.jaffle_shop.orders: Close
[0m14:35:50.866686 [debug] [Thread-21 ]: SQL status: OK in 0.002 seconds
[0m14:35:50.867253 [debug] [Thread-22 ]: Sending event: {'category': 'dbt', 'action': 'run_model', 'label': 'f51a30db-d211-40f9-8c12-12f62c41362b', 'context': [<snowplow_tracker.self_describing_json.SelfDescribingJson object at 0x10c6910a0>]}
[0m14:35:50.868307 [debug] [Thread-21 ]: On model.jaffle_shop.customers: Close
[0m14:35:50.869342 [debug] [Thread-21 ]: Sending event: {'category': 'dbt', 'action': 'run_model', 'label': 'f51a30db-d211-40f9-8c12-12f62c41362b', 'context': [<snowplow_tracker.self_describing_json.SelfDescribingJson object at 0x10c6a7d60>]}
[0m14:35:50.868946 [info ] [Thread-22 ]: 16 of 28 OK created sql table model main.orders ................................ [[32mOK[0m in 0.07s]
[0m14:35:50.870015 [debug] [Thread-22 ]: Finished running node model.jaffle_shop.orders
[0m14:35:50.870476 [info ] [Thread-21 ]: 15 of 28 OK created sql table model main.customers ............................. [[32mOK[0m in 0.07s]
[0m14:35:50.871239 [debug] [Thread-21 ]: Finished running node model.jaffle_shop.customers
[0m14:35:50.871617 [debug] [Thread-21 ]: Began running node test.jaffle_shop.accepted_values_orders_status__placed__shipped__completed__return_pending__returned.be6b5b5ec3
[0m14:35:50.871995 [debug] [Thread-24 ]: Began running node test.jaffle_shop.not_null_orders_amount.106140f9fd
[0m14:35:50.872346 [info ] [Thread-21 ]: 17 of 28 START test accepted_values_orders_status__placed__shipped__completed__return_pending__returned  [RUN]
[0m14:35:50.872691 [debug] [Thread-4  ]: Began running node test.jaffle_shop.not_null_orders_bank_transfer_amount.7743500c49
[0m14:35:50.873116 [debug] [Thread-1  ]: Began running node test.jaffle_shop.not_null_orders_coupon_amount.ab90c90625
[0m14:35:50.873445 [info ] [Thread-24 ]: 18 of 28 START test not_null_orders_amount ..................................... [RUN]
[0m14:35:50.873791 [debug] [Thread-2  ]: Began running node test.jaffle_shop.not_null_orders_credit_card_amount.d3ca593b59
[0m14:35:50.874182 [debug] [Thread-21 ]: Re-using an available connection from the pool (formerly model.jaffle_shop.customers, now test.jaffle_shop.accepted_values_orders_status__placed__shipped__completed__return_pending__returned.be6b5b5ec3)
[0m14:35:50.874540 [debug] [Thread-3  ]: Began running node test.jaffle_shop.not_null_orders_customer_id.c5f02694af
[0m14:35:50.874867 [info ] [Thread-4  ]: 19 of 28 START test not_null_orders_bank_transfer_amount ....................... [RUN]
[0m14:35:50.875380 [debug] [Thread-7  ]: Began running node test.jaffle_shop.not_null_orders_gift_card_amount.413a0d2d7a
[0m14:35:50.875720 [info ] [Thread-1  ]: 20 of 28 START test not_null_orders_coupon_amount .............................. [RUN]
[0m14:35:50.876077 [debug] [Thread-9  ]: Began running node test.jaffle_shop.not_null_orders_order_id.cf6c17daed
[0m14:35:50.876482 [debug] [Thread-24 ]: Acquiring new duckdb connection 'test.jaffle_shop.not_null_orders_amount.106140f9fd'
[0m14:35:50.876808 [debug] [Thread-5  ]: Began running node test.jaffle_shop.unique_orders_order_id.fed79b3a6e
[0m14:35:50.877142 [debug] [Thread-6  ]: Began running node test.jaffle_shop.not_null_customers_customer_id.5c9bf9911d
[0m14:35:50.877468 [info ] [Thread-2  ]: 21 of 28 START test not_null_orders_credit_card_amount ......................... [RUN]
[0m14:35:50.877837 [debug] [Thread-12 ]: Began running node test.jaffle_shop.relationships_orders_customer_id__customer_id__ref_customers_.c6ec7f58f2
[0m14:35:50.878174 [debug] [Thread-21 ]: Began compiling node test.jaffle_shop.accepted_values_orders_status__placed__shipped__completed__return_pending__returned.be6b5b5ec3
[0m14:35:50.878496 [debug] [Thread-8  ]: Began running node test.jaffle_shop.unique_customers_customer_id.c5af1ff4b1
[0m14:35:50.878831 [info ] [Thread-3  ]: 22 of 28 START test not_null_orders_customer_id ................................ [RUN]
[0m14:35:50.879255 [debug] [Thread-4  ]: Acquiring new duckdb connection 'test.jaffle_shop.not_null_orders_bank_transfer_amount.7743500c49'
[0m14:35:50.879607 [info ] [Thread-7  ]: 23 of 28 START test not_null_orders_gift_card_amount ........................... [RUN]
[0m14:35:50.879972 [debug] [Thread-1  ]: Re-using an available connection from the pool (formerly seed.jaffle_shop.raw_customers, now test.jaffle_shop.not_null_orders_coupon_amount.ab90c90625)
[0m14:35:50.880312 [info ] [Thread-9  ]: 24 of 28 START test not_null_orders_order_id ................................... [RUN]
[0m14:35:50.880648 [debug] [Thread-24 ]: Began compiling node test.jaffle_shop.not_null_orders_amount.106140f9fd
[0m14:35:50.880967 [info ] [Thread-5  ]: 25 of 28 START test unique_orders_order_id ..................................... [RUN]
[0m14:35:50.881312 [info ] [Thread-6  ]: 26 of 28 START test not_null_customers_customer_id ............................. [RUN]
[0m14:35:50.881669 [debug] [Thread-2  ]: Re-using an available connection from the pool (formerly seed.jaffle_shop.raw_orders, now test.jaffle_shop.not_null_orders_credit_card_amount.d3ca593b59)
[0m14:35:50.882016 [info ] [Thread-12 ]: 27 of 28 START test relationships_orders_customer_id__customer_id__ref_customers_  [RUN]
[0m14:35:50.886420 [debug] [Thread-21 ]: Writing injected SQL for node "test.jaffle_shop.accepted_values_orders_status__placed__shipped__completed__return_pending__returned.be6b5b5ec3"
[0m14:35:50.886808 [info ] [Thread-8  ]: 28 of 28 START test unique_customers_customer_id ............................... [RUN]
[0m14:35:50.887196 [debug] [Thread-3  ]: Re-using an available connection from the pool (formerly seed.jaffle_shop.raw_payments, now test.jaffle_shop.not_null_orders_customer_id.c5f02694af)
[0m14:35:50.887531 [debug] [Thread-4  ]: Began compiling node test.jaffle_shop.not_null_orders_bank_transfer_amount.7743500c49
[0m14:35:50.887929 [debug] [Thread-7  ]: Acquiring new duckdb connection 'test.jaffle_shop.not_null_orders_gift_card_amount.413a0d2d7a'
[0m14:35:50.888256 [debug] [Thread-1  ]: Began compiling node test.jaffle_shop.not_null_orders_coupon_amount.ab90c90625
[0m14:35:50.888647 [debug] [Thread-9  ]: Acquiring new duckdb connection 'test.jaffle_shop.not_null_orders_order_id.cf6c17daed'
[0m14:35:50.892342 [debug] [Thread-24 ]: Writing injected SQL for node "test.jaffle_shop.not_null_orders_amount.106140f9fd"
[0m14:35:50.892714 [debug] [Thread-5  ]: Re-using an available connection from the pool (formerly model.jaffle_shop.stg_customers, now test.jaffle_shop.unique_orders_order_id.fed79b3a6e)
[0m14:35:50.893068 [debug] [Thread-6  ]: Re-using an available connection from the pool (formerly model.jaffle_shop.stg_orders, now test.jaffle_shop.not_null_customers_customer_id.5c9bf9911d)
[0m14:35:50.893415 [debug] [Thread-2  ]: Began compiling node test.jaffle_shop.not_null_orders_credit_card_amount.d3ca593b59
[0m14:35:50.893834 [debug] [Thread-12 ]: Acquiring new duckdb connection 'test.jaffle_shop.relationships_orders_customer_id__customer_id__ref_customers_.c6ec7f58f2'
[0m14:35:50.894410 [debug] [Thread-8  ]: Re-using an available connection from the pool (formerly model.jaffle_shop.stg_payments, now test.jaffle_shop.unique_customers_customer_id.c5af1ff4b1)
[0m14:35:50.894765 [debug] [Thread-3  ]: Began compiling node test.jaffle_shop.not_null_orders_customer_id.c5f02694af
[0m14:35:50.898747 [debug] [Thread-4  ]: Writing injected SQL for node "test.jaffle_shop.not_null_orders_bank_transfer_amount.7743500c49"
[0m14:35:50.899167 [debug] [Thread-7  ]: Began compiling node test.jaffle_shop.not_null_orders_gift_card_amount.413a0d2d7a
[0m14:35:50.905083 [debug] [Thread-1  ]: Writing injected SQL for node "test.jaffle_shop.not_null_orders_coupon_amount.ab90c90625"
[0m14:35:50.905600 [debug] [Thread-9  ]: Began compiling node test.jaffle_shop.not_null_orders_order_id.cf6c17daed
[0m14:35:50.906095 [debug] [Thread-5  ]: Began compiling node test.jaffle_shop.unique_orders_order_id.fed79b3a6e
[0m14:35:50.906446 [debug] [Thread-21 ]: Began executing node test.jaffle_shop.accepted_values_orders_status__placed__shipped__completed__return_pending__returned.be6b5b5ec3
[0m14:35:50.906776 [debug] [Thread-6  ]: Began compiling node test.jaffle_shop.not_null_customers_customer_id.5c9bf9911d
[0m14:35:50.910708 [debug] [Thread-2  ]: Writing injected SQL for node "test.jaffle_shop.not_null_orders_credit_card_amount.d3ca593b59"
[0m14:35:50.911135 [debug] [Thread-12 ]: Began compiling node test.jaffle_shop.relationships_orders_customer_id__customer_id__ref_customers_.c6ec7f58f2
[0m14:35:50.911488 [debug] [Thread-24 ]: Began executing node test.jaffle_shop.not_null_orders_amount.106140f9fd
[0m14:35:50.911814 [debug] [Thread-8  ]: Began compiling node test.jaffle_shop.unique_customers_customer_id.c5af1ff4b1
[0m14:35:50.915930 [debug] [Thread-3  ]: Writing injected SQL for node "test.jaffle_shop.not_null_orders_customer_id.c5f02694af"
[0m14:35:50.920493 [debug] [Thread-7  ]: Writing injected SQL for node "test.jaffle_shop.not_null_orders_gift_card_amount.413a0d2d7a"
[0m14:35:50.924509 [debug] [Thread-9  ]: Writing injected SQL for node "test.jaffle_shop.not_null_orders_order_id.cf6c17daed"
[0m14:35:50.928554 [debug] [Thread-5  ]: Writing injected SQL for node "test.jaffle_shop.unique_orders_order_id.fed79b3a6e"
[0m14:35:50.931441 [debug] [Thread-21 ]: Writing runtime sql for node "test.jaffle_shop.accepted_values_orders_status__placed__shipped__completed__return_pending__returned.be6b5b5ec3"
[0m14:35:50.931922 [debug] [Thread-4  ]: Began executing node test.jaffle_shop.not_null_orders_bank_transfer_amount.7743500c49
[0m14:35:50.937521 [debug] [Thread-6  ]: Writing injected SQL for node "test.jaffle_shop.not_null_customers_customer_id.5c9bf9911d"
[0m14:35:50.937936 [debug] [Thread-1  ]: Began executing node test.jaffle_shop.not_null_orders_coupon_amount.ab90c90625
[0m14:35:50.942416 [debug] [Thread-12 ]: Writing injected SQL for node "test.jaffle_shop.relationships_orders_customer_id__customer_id__ref_customers_.c6ec7f58f2"
[0m14:35:50.944963 [debug] [Thread-24 ]: Writing runtime sql for node "test.jaffle_shop.not_null_orders_amount.106140f9fd"
[0m14:35:50.948733 [debug] [Thread-8  ]: Writing injected SQL for node "test.jaffle_shop.unique_customers_customer_id.c5af1ff4b1"
[0m14:35:50.949196 [debug] [Thread-2  ]: Began executing node test.jaffle_shop.not_null_orders_credit_card_amount.d3ca593b59
[0m14:35:50.949860 [debug] [Thread-3  ]: Began executing node test.jaffle_shop.not_null_orders_customer_id.c5f02694af
[0m14:35:50.952815 [debug] [Thread-9  ]: Began executing node test.jaffle_shop.not_null_orders_order_id.cf6c17daed
[0m14:35:50.964115 [debug] [Thread-4  ]: Writing runtime sql for node "test.jaffle_shop.not_null_orders_bank_transfer_amount.7743500c49"
[0m14:35:50.967958 [debug] [Thread-7  ]: Began executing node test.jaffle_shop.not_null_orders_gift_card_amount.413a0d2d7a
[0m14:35:50.972687 [debug] [Thread-1  ]: Writing runtime sql for node "test.jaffle_shop.not_null_orders_coupon_amount.ab90c90625"
[0m14:35:50.973226 [debug] [Thread-5  ]: Began executing node test.jaffle_shop.unique_orders_order_id.fed79b3a6e
[0m14:35:50.974049 [debug] [Thread-21 ]: Using duckdb connection "test.jaffle_shop.accepted_values_orders_status__placed__shipped__completed__return_pending__returned.be6b5b5ec3"
[0m14:35:50.974589 [debug] [Thread-6  ]: Began executing node test.jaffle_shop.not_null_customers_customer_id.5c9bf9911d
[0m14:35:50.978653 [debug] [Thread-2  ]: Writing runtime sql for node "test.jaffle_shop.not_null_orders_credit_card_amount.d3ca593b59"
[0m14:35:50.981416 [debug] [Thread-3  ]: Writing runtime sql for node "test.jaffle_shop.not_null_orders_customer_id.c5f02694af"
[0m14:35:50.981808 [debug] [Thread-12 ]: Began executing node test.jaffle_shop.relationships_orders_customer_id__customer_id__ref_customers_.c6ec7f58f2
[0m14:35:50.982642 [debug] [Thread-24 ]: Using duckdb connection "test.jaffle_shop.not_null_orders_amount.106140f9fd"
[0m14:35:50.985799 [debug] [Thread-9  ]: Writing runtime sql for node "test.jaffle_shop.not_null_orders_order_id.cf6c17daed"
[0m14:35:50.986218 [debug] [Thread-8  ]: Began executing node test.jaffle_shop.unique_customers_customer_id.c5af1ff4b1
[0m14:35:50.988953 [debug] [Thread-7  ]: Writing runtime sql for node "test.jaffle_shop.not_null_orders_gift_card_amount.413a0d2d7a"
[0m14:35:50.991773 [debug] [Thread-5  ]: Writing runtime sql for node "test.jaffle_shop.unique_orders_order_id.fed79b3a6e"
[0m14:35:50.992227 [debug] [Thread-21 ]: On test.jaffle_shop.accepted_values_orders_status__placed__shipped__completed__return_pending__returned.be6b5b5ec3: BEGIN
[0m14:35:50.992695 [debug] [Thread-1  ]: Using duckdb connection "test.jaffle_shop.not_null_orders_coupon_amount.ab90c90625"
[0m14:35:50.993919 [debug] [Thread-4  ]: Using duckdb connection "test.jaffle_shop.not_null_orders_bank_transfer_amount.7743500c49"
[0m14:35:50.996931 [debug] [Thread-6  ]: Writing runtime sql for node "test.jaffle_shop.not_null_customers_customer_id.5c9bf9911d"
[0m14:35:50.999840 [debug] [Thread-12 ]: Writing runtime sql for node "test.jaffle_shop.relationships_orders_customer_id__customer_id__ref_customers_.c6ec7f58f2"
[0m14:35:51.000268 [debug] [Thread-24 ]: On test.jaffle_shop.not_null_orders_amount.106140f9fd: BEGIN
[0m14:35:51.000915 [debug] [Thread-2  ]: Using duckdb connection "test.jaffle_shop.not_null_orders_credit_card_amount.d3ca593b59"
[0m14:35:51.004907 [debug] [Thread-8  ]: Writing runtime sql for node "test.jaffle_shop.unique_customers_customer_id.c5af1ff4b1"
[0m14:35:51.005383 [debug] [Thread-3  ]: Using duckdb connection "test.jaffle_shop.not_null_orders_customer_id.c5f02694af"
[0m14:35:51.006101 [debug] [Thread-9  ]: Using duckdb connection "test.jaffle_shop.not_null_orders_order_id.cf6c17daed"
[0m14:35:51.006458 [debug] [Thread-21 ]: Opening a new connection, currently in state closed
[0m14:35:51.006806 [debug] [Thread-1  ]: On test.jaffle_shop.not_null_orders_coupon_amount.ab90c90625: BEGIN
[0m14:35:51.007187 [debug] [Thread-4  ]: On test.jaffle_shop.not_null_orders_bank_transfer_amount.7743500c49: BEGIN
[0m14:35:51.007585 [debug] [Thread-5  ]: Using duckdb connection "test.jaffle_shop.unique_orders_order_id.fed79b3a6e"
[0m14:35:51.007983 [debug] [Thread-7  ]: Using duckdb connection "test.jaffle_shop.not_null_orders_gift_card_amount.413a0d2d7a"
[0m14:35:51.008661 [debug] [Thread-24 ]: Opening a new connection, currently in state init
[0m14:35:51.009086 [debug] [Thread-2  ]: On test.jaffle_shop.not_null_orders_credit_card_amount.d3ca593b59: BEGIN
[0m14:35:51.009465 [debug] [Thread-6  ]: Using duckdb connection "test.jaffle_shop.not_null_customers_customer_id.5c9bf9911d"
[0m14:35:51.010008 [debug] [Thread-3  ]: On test.jaffle_shop.not_null_orders_customer_id.c5f02694af: BEGIN
[0m14:35:51.010429 [debug] [Thread-12 ]: Using duckdb connection "test.jaffle_shop.relationships_orders_customer_id__customer_id__ref_customers_.c6ec7f58f2"
[0m14:35:51.010781 [debug] [Thread-9  ]: On test.jaffle_shop.not_null_orders_order_id.cf6c17daed: BEGIN
[0m14:35:51.011403 [debug] [Thread-8  ]: Using duckdb connection "test.jaffle_shop.unique_customers_customer_id.c5af1ff4b1"
[0m14:35:51.011749 [debug] [Thread-1  ]: Opening a new connection, currently in state closed
[0m14:35:51.012099 [debug] [Thread-21 ]: SQL status: OK in 0.006 seconds
[0m14:35:51.012434 [debug] [Thread-4  ]: Opening a new connection, currently in state init
[0m14:35:51.012792 [debug] [Thread-5  ]: On test.jaffle_shop.unique_orders_order_id.fed79b3a6e: BEGIN
[0m14:35:51.013155 [debug] [Thread-7  ]: On test.jaffle_shop.not_null_orders_gift_card_amount.413a0d2d7a: BEGIN
[0m14:35:51.013756 [debug] [Thread-2  ]: Opening a new connection, currently in state closed
[0m14:35:51.014137 [debug] [Thread-6  ]: On test.jaffle_shop.not_null_customers_customer_id.5c9bf9911d: BEGIN
[0m14:35:51.015316 [debug] [Thread-24 ]: SQL status: OK in 0.007 seconds
[0m14:35:51.015702 [debug] [Thread-3  ]: Opening a new connection, currently in state closed
[0m14:35:51.016158 [debug] [Thread-12 ]: On test.jaffle_shop.relationships_orders_customer_id__customer_id__ref_customers_.c6ec7f58f2: BEGIN
[0m14:35:51.016557 [debug] [Thread-9  ]: Opening a new connection, currently in state init
[0m14:35:51.017025 [debug] [Thread-8  ]: On test.jaffle_shop.unique_customers_customer_id.c5af1ff4b1: BEGIN
[0m14:35:51.017557 [debug] [Thread-21 ]: Using duckdb connection "test.jaffle_shop.accepted_values_orders_status__placed__shipped__completed__return_pending__returned.be6b5b5ec3"
[0m14:35:51.018039 [debug] [Thread-1  ]: SQL status: OK in 0.006 seconds
[0m14:35:51.018417 [debug] [Thread-5  ]: Opening a new connection, currently in state closed
[0m14:35:51.018849 [debug] [Thread-4  ]: SQL status: OK in 0.006 seconds
[0m14:35:51.019168 [debug] [Thread-7  ]: Opening a new connection, currently in state init
[0m14:35:51.019667 [debug] [Thread-6  ]: Opening a new connection, currently in state closed
[0m14:35:51.020055 [debug] [Thread-24 ]: Using duckdb connection "test.jaffle_shop.not_null_orders_amount.106140f9fd"
[0m14:35:51.020582 [debug] [Thread-12 ]: Opening a new connection, currently in state init
[0m14:35:51.020910 [debug] [Thread-2  ]: SQL status: OK in 0.007 seconds
[0m14:35:51.021346 [debug] [Thread-8  ]: Opening a new connection, currently in state closed
[0m14:35:51.021710 [debug] [Thread-3  ]: SQL status: OK in 0.006 seconds
[0m14:35:51.022100 [debug] [Thread-21 ]: On test.jaffle_shop.accepted_values_orders_status__placed__shipped__completed__return_pending__returned.be6b5b5ec3: /* {"app": "dbt", "dbt_version": "1.10.22", "profile_name": "jaffle_shop", "target_name": "dev", "node_id": "test.jaffle_shop.accepted_values_orders_status__placed__shipped__completed__return_pending__returned.be6b5b5ec3"} */

    select
      count(*) as failures,
      count(*) != 0 as should_warn,
      count(*) != 0 as should_error
    from (
      
    
  
    
    

with all_values as (

    select
        status as value_field,
        count(*) as n_records

    from "jaffle_shop"."main"."orders"
    group by status

)

select *
from all_values
where value_field not in (
    'placed','shipped','completed','return_pending','returned'
)



  
  
      
    ) dbt_internal_test
[0m14:35:51.022486 [debug] [Thread-9  ]: SQL status: OK in 0.006 seconds
[0m14:35:51.022842 [debug] [Thread-1  ]: Using duckdb connection "test.jaffle_shop.not_null_orders_coupon_amount.ab90c90625"
[0m14:35:51.023285 [debug] [Thread-4  ]: Using duckdb connection "test.jaffle_shop.not_null_orders_bank_transfer_amount.7743500c49"
[0m14:35:51.023760 [debug] [Thread-5  ]: SQL status: OK in 0.005 seconds
[0m14:35:51.024190 [debug] [Thread-7  ]: SQL status: OK in 0.005 seconds
[0m14:35:51.024588 [debug] [Thread-24 ]: On test.jaffle_shop.not_null_orders_amount.106140f9fd: /* {"app": "dbt", "dbt_version": "1.10.22", "profile_name": "jaffle_shop", "target_name": "dev", "node_id": "test.jaffle_shop.not_null_orders_amount.106140f9fd"} */

    select
      count(*) as failures,
      count(*) != 0 as should_warn,
      count(*) != 0 as should_error
    from (
      
    
  
    
    



select amount
from "jaffle_shop"."main"."orders"
where amount is null



  
  
      
    ) dbt_internal_test
[0m14:35:51.024955 [debug] [Thread-6  ]: SQL status: OK in 0.005 seconds
[0m14:35:51.025401 [debug] [Thread-2  ]: Using duckdb connection "test.jaffle_shop.not_null_orders_credit_card_amount.d3ca593b59"
[0m14:35:51.025902 [debug] [Thread-12 ]: SQL status: OK in 0.005 seconds
[0m14:35:51.026321 [debug] [Thread-8  ]: SQL status: OK in 0.005 seconds
[0m14:35:51.026729 [debug] [Thread-3  ]: Using duckdb connection "test.jaffle_shop.not_null_orders_customer_id.c5f02694af"
[0m14:35:51.027260 [debug] [Thread-9  ]: Using duckdb connection "test.jaffle_shop.not_null_orders_order_id.cf6c17daed"
[0m14:35:51.027708 [debug] [Thread-1  ]: On test.jaffle_shop.not_null_orders_coupon_amount.ab90c90625: /* {"app": "dbt", "dbt_version": "1.10.22", "profile_name": "jaffle_shop", "target_name": "dev", "node_id": "test.jaffle_shop.not_null_orders_coupon_amount.ab90c90625"} */

    select
      count(*) as failures,
      count(*) != 0 as should_warn,
      count(*) != 0 as should_error
    from (
      
    
  
    
    



select coupon_amount
from "jaffle_shop"."main"."orders"
where coupon_amount is null



  
  
      
    ) dbt_internal_test
[0m14:35:51.028089 [debug] [Thread-4  ]: On test.jaffle_shop.not_null_orders_bank_transfer_amount.7743500c49: /* {"app": "dbt", "dbt_version": "1.10.22", "profile_name": "jaffle_shop", "target_name": "dev", "node_id": "test.jaffle_shop.not_null_orders_bank_transfer_amount.7743500c49"} */

    select
      count(*) as failures,
      count(*) != 0 as should_warn,
      count(*) != 0 as should_error
    from (
      
    
  
    
    



select bank_transfer_amount
from "jaffle_shop"."main"."orders"
where bank_transfer_amount is null



  
  
      
    ) dbt_internal_test
[0m14:35:51.028445 [debug] [Thread-5  ]: Using duckdb connection "test.jaffle_shop.unique_orders_order_id.fed79b3a6e"
[0m14:35:51.028816 [debug] [Thread-21 ]: SQL status: OK in 0.002 seconds
[0m14:35:51.029170 [debug] [Thread-7  ]: Using duckdb connection "test.jaffle_shop.not_null_orders_gift_card_amount.413a0d2d7a"
[0m14:35:51.029634 [debug] [Thread-6  ]: Using duckdb connection "test.jaffle_shop.not_null_customers_customer_id.5c9bf9911d"
[0m14:35:51.030028 [debug] [Thread-2  ]: On test.jaffle_shop.not_null_orders_credit_card_amount.d3ca593b59: /* {"app": "dbt", "dbt_version": "1.10.22", "profile_name": "jaffle_shop", "target_name": "dev", "node_id": "test.jaffle_shop.not_null_orders_credit_card_amount.d3ca593b59"} */

    select
      count(*) as failures,
      count(*) != 0 as should_warn,
      count(*) != 0 as should_error
    from (
      
    
  
    
    



select credit_card_amount
from "jaffle_shop"."main"."orders"
where credit_card_amount is null



  
  
      
    ) dbt_internal_test
[0m14:35:51.030403 [debug] [Thread-12 ]: Using duckdb connection "test.jaffle_shop.relationships_orders_customer_id__customer_id__ref_customers_.c6ec7f58f2"
[0m14:35:51.030725 [debug] [Thread-24 ]: SQL status: OK in 0.001 seconds
[0m14:35:51.031106 [debug] [Thread-8  ]: Using duckdb connection "test.jaffle_shop.unique_customers_customer_id.c5af1ff4b1"
[0m14:35:51.031490 [debug] [Thread-3  ]: On test.jaffle_shop.not_null_orders_customer_id.c5f02694af: /* {"app": "dbt", "dbt_version": "1.10.22", "profile_name": "jaffle_shop", "target_name": "dev", "node_id": "test.jaffle_shop.not_null_orders_customer_id.c5f02694af"} */

    select
      count(*) as failures,
      count(*) != 0 as should_warn,
      count(*) != 0 as should_error
    from (
      
    
  
    
    



select customer_id
from "jaffle_shop"."main"."orders"
where customer_id is null



  
  
      
    ) dbt_internal_test
[0m14:35:51.031879 [debug] [Thread-9  ]: On test.jaffle_shop.not_null_orders_order_id.cf6c17daed: /* {"app": "dbt", "dbt_version": "1.10.22", "profile_name": "jaffle_shop", "target_name": "dev", "node_id": "test.jaffle_shop.not_null_orders_order_id.cf6c17daed"} */

    select
      count(*) as failures,
      count(*) != 0 as should_warn,
      count(*) != 0 as should_error
    from (
      
    
  
    
    



select order_id
from "jaffle_shop"."main"."orders"
where order_id is null



  
  
      
    ) dbt_internal_test
[0m14:35:51.032547 [debug] [Thread-5  ]: On test.jaffle_shop.unique_orders_order_id.fed79b3a6e: /* {"app": "dbt", "dbt_version": "1.10.22", "profile_name": "jaffle_shop", "target_name": "dev", "node_id": "test.jaffle_shop.unique_orders_order_id.fed79b3a6e"} */

    select
      count(*) as failures,
      count(*) != 0 as should_warn,
      count(*) != 0 as should_error
    from (
      
    
  
    
    

select
    order_id as unique_field,
    count(*) as n_records

from "jaffle_shop"."main"."orders"
where order_id is not null
group by order_id
having count(*) > 1



  
  
      
    ) dbt_internal_test
[0m14:35:51.032987 [debug] [Thread-1  ]: SQL status: OK in 0.001 seconds
[0m14:35:51.034493 [debug] [Thread-21 ]: On test.jaffle_shop.accepted_values_orders_status__placed__shipped__completed__return_pending__returned.be6b5b5ec3: ROLLBACK
[0m14:35:51.034938 [debug] [Thread-4  ]: SQL status: OK in 0.003 seconds
[0m14:35:51.035315 [debug] [Thread-7  ]: On test.jaffle_shop.not_null_orders_gift_card_amount.413a0d2d7a: /* {"app": "dbt", "dbt_version": "1.10.22", "profile_name": "jaffle_shop", "target_name": "dev", "node_id": "test.jaffle_shop.not_null_orders_gift_card_amount.413a0d2d7a"} */

    select
      count(*) as failures,
      count(*) != 0 as should_warn,
      count(*) != 0 as should_error
    from (
      
    
  
    
    



select gift_card_amount
from "jaffle_shop"."main"."orders"
where gift_card_amount is null



  
  
      
    ) dbt_internal_test
[0m14:35:51.035750 [debug] [Thread-6  ]: On test.jaffle_shop.not_null_customers_customer_id.5c9bf9911d: /* {"app": "dbt", "dbt_version": "1.10.22", "profile_name": "jaffle_shop", "target_name": "dev", "node_id": "test.jaffle_shop.not_null_customers_customer_id.5c9bf9911d"} */

    select
      count(*) as failures,
      count(*) != 0 as should_warn,
      count(*) != 0 as should_error
    from (
      
    
  
    
    



select customer_id
from "jaffle_shop"."main"."customers"
where customer_id is null



  
  
      
    ) dbt_internal_test
[0m14:35:51.036256 [debug] [Thread-12 ]: On test.jaffle_shop.relationships_orders_customer_id__customer_id__ref_customers_.c6ec7f58f2: /* {"app": "dbt", "dbt_version": "1.10.22", "profile_name": "jaffle_shop", "target_name": "dev", "node_id": "test.jaffle_shop.relationships_orders_customer_id__customer_id__ref_customers_.c6ec7f58f2"} */

    select
      count(*) as failures,
      count(*) != 0 as should_warn,
      count(*) != 0 as should_error
    from (
      
    
  
    
    

with child as (
    select customer_id as from_field
    from "jaffle_shop"."main"."orders"
    where customer_id is not null
),

parent as (
    select customer_id as to_field
    from "jaffle_shop"."main"."customers"
)

select
    from_field

from child
left join parent
    on child.from_field = parent.to_field

where parent.to_field is null



  
  
      
    ) dbt_internal_test
[0m14:35:51.037959 [debug] [Thread-24 ]: On test.jaffle_shop.not_null_orders_amount.106140f9fd: ROLLBACK
[0m14:35:51.038406 [debug] [Thread-8  ]: On test.jaffle_shop.unique_customers_customer_id.c5af1ff4b1: /* {"app": "dbt", "dbt_version": "1.10.22", "profile_name": "jaffle_shop", "target_name": "dev", "node_id": "test.jaffle_shop.unique_customers_customer_id.c5af1ff4b1"} */

    select
      count(*) as failures,
      count(*) != 0 as should_warn,
      count(*) != 0 as should_error
    from (
      
    
  
    
    

select
    customer_id as unique_field,
    count(*) as n_records

from "jaffle_shop"."main"."customers"
where customer_id is not null
group by customer_id
having count(*) > 1



  
  
      
    ) dbt_internal_test
[0m14:35:51.038910 [debug] [Thread-2  ]: SQL status: OK in 0.003 seconds
[0m14:35:51.039945 [debug] [Thread-9  ]: SQL status: OK in 0.000 seconds
[0m14:35:51.040379 [debug] [Thread-21 ]: Failed to rollback 'test.jaffle_shop.accepted_values_orders_status__placed__shipped__completed__return_pending__returned.be6b5b5ec3'
[0m14:35:51.041925 [debug] [Thread-1  ]: On test.jaffle_shop.not_null_orders_coupon_amount.ab90c90625: ROLLBACK
[0m14:35:51.042324 [debug] [Thread-5  ]: SQL status: OK in 0.003 seconds
[0m14:35:51.043770 [debug] [Thread-4  ]: On test.jaffle_shop.not_null_orders_bank_transfer_amount.7743500c49: ROLLBACK
[0m14:35:51.045372 [debug] [Thread-3  ]: SQL status: OK in 0.005 seconds
[0m14:35:51.046340 [debug] [Thread-7  ]: SQL status: OK in 0.001 seconds
[0m14:35:51.047010 [debug] [Thread-24 ]: Failed to rollback 'test.jaffle_shop.not_null_orders_amount.106140f9fd'
[0m14:35:51.047347 [debug] [Thread-6  ]: SQL status: OK in 0.001 seconds
[0m14:35:51.047839 [debug] [Thread-12 ]: SQL status: OK in 0.002 seconds
[0m14:35:51.049628 [debug] [Thread-2  ]: On test.jaffle_shop.not_null_orders_credit_card_amount.d3ca593b59: ROLLBACK
[0m14:35:51.050198 [debug] [Thread-21 ]: On test.jaffle_shop.accepted_values_orders_status__placed__shipped__completed__return_pending__returned.be6b5b5ec3: Close
[0m14:35:51.051623 [debug] [Thread-9  ]: On test.jaffle_shop.not_null_orders_order_id.cf6c17daed: ROLLBACK
[0m14:35:51.052100 [debug] [Thread-8  ]: SQL status: OK in 0.004 seconds
[0m14:35:51.052514 [debug] [Thread-1  ]: Failed to rollback 'test.jaffle_shop.not_null_orders_coupon_amount.ab90c90625'
[0m14:35:51.053027 [debug] [Thread-4  ]: Failed to rollback 'test.jaffle_shop.not_null_orders_bank_transfer_amount.7743500c49'
[0m14:35:51.054246 [debug] [Thread-5  ]: On test.jaffle_shop.unique_orders_order_id.fed79b3a6e: ROLLBACK
[0m14:35:51.055554 [debug] [Thread-3  ]: On test.jaffle_shop.not_null_orders_customer_id.c5f02694af: ROLLBACK
[0m14:35:51.055987 [debug] [Thread-24 ]: On test.jaffle_shop.not_null_orders_amount.106140f9fd: Close
[0m14:35:51.057022 [debug] [Thread-7  ]: On test.jaffle_shop.not_null_orders_gift_card_amount.413a0d2d7a: ROLLBACK
[0m14:35:51.058267 [debug] [Thread-6  ]: On test.jaffle_shop.not_null_customers_customer_id.5c9bf9911d: ROLLBACK
[0m14:35:51.059699 [debug] [Thread-12 ]: On test.jaffle_shop.relationships_orders_customer_id__customer_id__ref_customers_.c6ec7f58f2: ROLLBACK
[0m14:35:51.060115 [debug] [Thread-2  ]: Failed to rollback 'test.jaffle_shop.not_null_orders_credit_card_amount.d3ca593b59'
[0m14:35:51.060827 [info ] [Thread-21 ]: 17 of 28 PASS accepted_values_orders_status__placed__shipped__completed__return_pending__returned  [[32mPASS[0m in 0.19s]
[0m14:35:51.061240 [debug] [Thread-9  ]: Failed to rollback 'test.jaffle_shop.not_null_orders_order_id.cf6c17daed'
[0m14:35:51.061698 [debug] [Thread-1  ]: On test.jaffle_shop.not_null_orders_coupon_amount.ab90c90625: Close
[0m14:35:51.062883 [debug] [Thread-8  ]: On test.jaffle_shop.unique_customers_customer_id.c5af1ff4b1: ROLLBACK
[0m14:35:51.063271 [debug] [Thread-4  ]: On test.jaffle_shop.not_null_orders_bank_transfer_amount.7743500c49: Close
[0m14:35:51.063657 [debug] [Thread-5  ]: Failed to rollback 'test.jaffle_shop.unique_orders_order_id.fed79b3a6e'
[0m14:35:51.064067 [debug] [Thread-3  ]: Failed to rollback 'test.jaffle_shop.not_null_orders_customer_id.c5f02694af'
[0m14:35:51.064632 [info ] [Thread-24 ]: 18 of 28 PASS not_null_orders_amount ........................................... [[32mPASS[0m in 0.19s]
[0m14:35:51.065105 [debug] [Thread-7  ]: Failed to rollback 'test.jaffle_shop.not_null_orders_gift_card_amount.413a0d2d7a'
[0m14:35:51.065493 [debug] [Thread-6  ]: Failed to rollback 'test.jaffle_shop.not_null_customers_customer_id.5c9bf9911d'
[0m14:35:51.065937 [debug] [Thread-12 ]: Failed to rollback 'test.jaffle_shop.relationships_orders_customer_id__customer_id__ref_customers_.c6ec7f58f2'
[0m14:35:51.066309 [debug] [Thread-2  ]: On test.jaffle_shop.not_null_orders_credit_card_amount.d3ca593b59: Close
[0m14:35:51.066968 [debug] [Thread-21 ]: Finished running node test.jaffle_shop.accepted_values_orders_status__placed__shipped__completed__return_pending__returned.be6b5b5ec3
[0m14:35:51.067343 [debug] [Thread-9  ]: On test.jaffle_shop.not_null_orders_order_id.cf6c17daed: Close
[0m14:35:51.067800 [debug] [Thread-8  ]: Failed to rollback 'test.jaffle_shop.unique_customers_customer_id.c5af1ff4b1'
[0m14:35:51.068365 [info ] [Thread-1  ]: 20 of 28 PASS not_null_orders_coupon_amount .................................... [[32mPASS[0m in 0.19s]
[0m14:35:51.068935 [info ] [Thread-4  ]: 19 of 28 PASS not_null_orders_bank_transfer_amount ............................. [[32mPASS[0m in 0.19s]
[0m14:35:51.069278 [debug] [Thread-5  ]: On test.jaffle_shop.unique_orders_order_id.fed79b3a6e: Close
[0m14:35:51.069637 [debug] [Thread-3  ]: On test.jaffle_shop.not_null_orders_customer_id.c5f02694af: Close
[0m14:35:51.070111 [debug] [Thread-24 ]: Finished running node test.jaffle_shop.not_null_orders_amount.106140f9fd
[0m14:35:51.070454 [debug] [Thread-7  ]: On test.jaffle_shop.not_null_orders_gift_card_amount.413a0d2d7a: Close
[0m14:35:51.070795 [debug] [Thread-6  ]: On test.jaffle_shop.not_null_customers_customer_id.5c9bf9911d: Close
[0m14:35:51.071149 [debug] [Thread-12 ]: On test.jaffle_shop.relationships_orders_customer_id__customer_id__ref_customers_.c6ec7f58f2: Close
[0m14:35:51.071687 [info ] [Thread-2  ]: 21 of 28 PASS not_null_orders_credit_card_amount ............................... [[32mPASS[0m in 0.19s]
[0m14:35:51.072196 [debug] [Thread-8  ]: On test.jaffle_shop.unique_customers_customer_id.c5af1ff4b1: Close
[0m14:35:51.072760 [info ] [Thread-9  ]: 24 of 28 PASS not_null_orders_order_id ......................................... [[32mPASS[0m in 0.18s]
[0m14:35:51.073977 [debug] [Thread-1  ]: Finished running node test.jaffle_shop.not_null_orders_coupon_amount.ab90c90625
[0m14:35:51.074579 [debug] [Thread-4  ]: Finished running node test.jaffle_shop.not_null_orders_bank_transfer_amount.7743500c49
[0m14:35:51.075161 [info ] [Thread-5  ]: 25 of 28 PASS unique_orders_order_id ........................................... [[32mPASS[0m in 0.18s]
[0m14:35:51.075830 [info ] [Thread-3  ]: 22 of 28 PASS not_null_orders_customer_id ...................................... [[32mPASS[0m in 0.19s]
[0m14:35:51.076547 [info ] [Thread-7  ]: 23 of 28 PASS not_null_orders_gift_card_amount ................................. [[32mPASS[0m in 0.19s]
[0m14:35:51.077124 [info ] [Thread-6  ]: 26 of 28 PASS not_null_customers_customer_id ................................... [[32mPASS[0m in 0.18s]
[0m14:35:51.077661 [debug] [Thread-2  ]: Finished running node test.jaffle_shop.not_null_orders_credit_card_amount.d3ca593b59
[0m14:35:51.078145 [info ] [Thread-8  ]: 28 of 28 PASS unique_customers_customer_id ..................................... [[32mPASS[0m in 0.18s]
[0m14:35:51.078621 [info ] [Thread-12 ]: 27 of 28 PASS relationships_orders_customer_id__customer_id__ref_customers_ .... [[32mPASS[0m in 0.18s]
[0m14:35:51.079109 [debug] [Thread-9  ]: Finished running node test.jaffle_shop.not_null_orders_order_id.cf6c17daed
[0m14:35:51.079725 [debug] [Thread-5  ]: Finished running node test.jaffle_shop.unique_orders_order_id.fed79b3a6e
[0m14:35:51.080204 [debug] [Thread-3  ]: Finished running node test.jaffle_shop.not_null_orders_customer_id.c5f02694af
[0m14:35:51.080664 [debug] [Thread-7  ]: Finished running node test.jaffle_shop.not_null_orders_gift_card_amount.413a0d2d7a
[0m14:35:51.081135 [debug] [Thread-6  ]: Finished running node test.jaffle_shop.not_null_customers_customer_id.5c9bf9911d
[0m14:35:51.081908 [debug] [Thread-8  ]: Finished running node test.jaffle_shop.unique_customers_customer_id.c5af1ff4b1
[0m14:35:51.082391 [debug] [Thread-12 ]: Finished running node test.jaffle_shop.relationships_orders_customer_id__customer_id__ref_customers_.c6ec7f58f2
[0m14:35:51.084535 [debug] [MainThread]: Using duckdb connection "master"
[0m14:35:51.084891 [debug] [MainThread]: On master: BEGIN
[0m14:35:51.085189 [debug] [MainThread]: Opening a new connection, currently in state closed
[0m14:35:51.085752 [debug] [MainThread]: SQL status: OK in 0.001 seconds
[0m14:35:51.086055 [debug] [MainThread]: On master: COMMIT
[0m14:35:51.086400 [debug] [MainThread]: Using duckdb connection "master"
[0m14:35:51.086673 [debug] [MainThread]: On master: COMMIT
[0m14:35:51.087083 [debug] [MainThread]: SQL status: OK in 0.000 seconds
[0m14:35:51.087395 [debug] [MainThread]: On master: Close
[0m14:35:51.087771 [debug] [MainThread]: Connection 'master' was properly closed.
[0m14:35:51.088043 [debug] [MainThread]: Connection 'test.jaffle_shop.not_null_orders_coupon_amount.ab90c90625' was properly closed.
[0m14:35:51.088354 [debug] [MainThread]: Connection 'test.jaffle_shop.not_null_orders_credit_card_amount.d3ca593b59' was properly closed.
[0m14:35:51.088614 [debug] [MainThread]: Connection 'test.jaffle_shop.not_null_orders_customer_id.c5f02694af' was properly closed.
[0m14:35:51.088872 [debug] [MainThread]: Connection 'test.jaffle_shop.unique_orders_order_id.fed79b3a6e' was properly closed.
[0m14:35:51.089118 [debug] [MainThread]: Connection 'test.jaffle_shop.not_null_customers_customer_id.5c9bf9911d' was properly closed.
[0m14:35:51.089364 [debug] [MainThread]: Connection 'test.jaffle_shop.unique_customers_customer_id.c5af1ff4b1' was properly closed.
[0m14:35:51.089636 [debug] [MainThread]: Connection 'test.jaffle_shop.not_null_stg_customers_customer_id.e2cfb1f9aa' was properly closed.
[0m14:35:51.089996 [debug] [MainThread]: Connection 'test.jaffle_shop.unique_stg_customers_customer_id.c7614daada' was properly closed.
[0m14:35:51.090274 [debug] [MainThread]: Connection 'test.jaffle_shop.accepted_values_stg_orders_status__placed__shipped__completed__return_pending__returned.080fb20aad' was properly closed.
[0m14:35:51.090563 [debug] [MainThread]: Connection 'test.jaffle_shop.not_null_stg_orders_order_id.81cfe2fe64' was properly closed.
[0m14:35:51.090815 [debug] [MainThread]: Connection 'test.jaffle_shop.unique_stg_orders_order_id.e3b841c71a' was properly closed.
[0m14:35:51.091083 [debug] [MainThread]: Connection 'test.jaffle_shop.accepted_values_stg_payments_payment_method__credit_card__coupon__bank_transfer__gift_card.3c3820f278' was properly closed.
[0m14:35:51.091344 [debug] [MainThread]: Connection 'test.jaffle_shop.not_null_stg_payments_payment_id.c19cc50075' was properly closed.
[0m14:35:51.091638 [debug] [MainThread]: Connection 'test.jaffle_shop.unique_stg_payments_payment_id.3744510712' was properly closed.
[0m14:35:51.091914 [debug] [MainThread]: Connection 'test.jaffle_shop.accepted_values_orders_status__placed__shipped__completed__return_pending__returned.be6b5b5ec3' was properly closed.
[0m14:35:51.092227 [debug] [MainThread]: Connection 'model.jaffle_shop.orders' was properly closed.
[0m14:35:51.092503 [debug] [MainThread]: Connection 'test.jaffle_shop.not_null_orders_amount.106140f9fd' was properly closed.
[0m14:35:51.092769 [debug] [MainThread]: Connection 'test.jaffle_shop.not_null_orders_bank_transfer_amount.7743500c49' was properly closed.
[0m14:35:51.093044 [debug] [MainThread]: Connection 'test.jaffle_shop.not_null_orders_gift_card_amount.413a0d2d7a' was properly closed.
[0m14:35:51.093327 [debug] [MainThread]: Connection 'test.jaffle_shop.not_null_orders_order_id.cf6c17daed' was properly closed.
[0m14:35:51.093600 [debug] [MainThread]: Connection 'test.jaffle_shop.relationships_orders_customer_id__customer_id__ref_customers_.c6ec7f58f2' was properly closed.
[0m14:35:51.094181 [info ] [MainThread]: 
[0m14:35:51.094650 [info ] [MainThread]: Finished running 3 seeds, 2 table models, 20 data tests, 3 view models in 0 hours 0 minutes and 1.02 seconds (1.02s).
[0m14:35:51.098380 [debug] [MainThread]: Command end result
[0m14:35:51.128045 [debug] [MainThread]: Wrote artifact WritableManifest to /Users/n-mjkim/workspace2/test_20260603/dbt-poc/jaffle_shop_duckdb/target/manifest.json
[0m14:35:51.130348 [debug] [MainThread]: Wrote artifact SemanticManifest to /Users/n-mjkim/workspace2/test_20260603/dbt-poc/jaffle_shop_duckdb/target/semantic_manifest.json
[0m14:35:51.137966 [debug] [MainThread]: Wrote artifact RunExecutionResult to /Users/n-mjkim/workspace2/test_20260603/dbt-poc/jaffle_shop_duckdb/target/run_results.json
[0m14:35:51.138437 [info ] [MainThread]: 
[0m14:35:51.138822 [info ] [MainThread]: [32mCompleted successfully[0m
[0m14:35:51.139147 [info ] [MainThread]: 
[0m14:35:51.139471 [info ] [MainThread]: Done. PASS=28 WARN=0 ERROR=0 SKIP=0 NO-OP=0 TOTAL=28
[0m14:35:51.143307 [debug] [MainThread]: Resource report: {"command_name": "build", "command_success": true, "command_wall_clock_time": 3.8646195, "process_in_blocks": "0", "process_kernel_time": 0.5161, "process_mem_max_rss": "167018496", "process_out_blocks": "0", "process_user_time": 4.419285}
[0m14:35:51.143945 [debug] [MainThread]: Command `dbt build` succeeded at 14:35:51.143853 after 3.87 seconds
[0m14:35:51.144361 [debug] [MainThread]: Sending event: {'category': 'dbt', 'action': 'invocation', 'label': 'end', 'context': [<snowplow_tracker.self_describing_json.SelfDescribingJson object at 0x10a666f40>, <snowplow_tracker.self_describing_json.SelfDescribingJson object at 0x10af60730>, <snowplow_tracker.self_describing_json.SelfDescribingJson object at 0x10bc58220>]}
[0m14:35:51.144914 [debug] [MainThread]: Flushing usage events
[0m14:35:52.146691 [debug] [MainThread]: An error was encountered while trying to flush usage events
[0m07:19:42.284736 [debug] [MainThread]: Sending event: {'category': 'dbt', 'action': 'invocation', 'label': 'start', 'context': [<snowplow_tracker.self_describing_json.SelfDescribingJson object at 0x107aa2fd0>, <snowplow_tracker.self_describing_json.SelfDescribingJson object at 0x108b39b50>, <snowplow_tracker.self_describing_json.SelfDescribingJson object at 0x108b39160>]}


============================== 07:19:42.289841 | 3a309bb8-06f6-4f5e-adbc-49533340a645 ==============================
[0m07:19:42.289841 [info ] [MainThread]: Running with dbt=1.10.22
[0m07:19:42.290354 [debug] [MainThread]: running dbt with arguments {'warn_error_options': 'WarnErrorOptionsV2(error=[], warn=[], silence=[])', 'partial_parse': 'True', 'log_format': 'default', 'fail_fast': 'False', 'target_path': 'None', 'indirect_selection': 'eager', 'write_json': 'True', 'empty': 'False', 'no_print': 'None', 'static_parser': 'True', 'printer_width': '80', 'version_check': 'False', 'warn_error': 'None', 'log_cache_events': 'False', 'log_path': '/Users/n-mjkim/workspace2/test_20260603/dbt-poc/jaffle_shop_duckdb/logs', 'invocation_command': 'dbt build --no-version-check', 'use_experimental_parser': 'False', 'quiet': 'False', 'introspect': 'True', 'send_anonymous_usage_stats': 'True', 'use_colors': 'True', 'profiles_dir': '/Users/n-mjkim/workspace2/test_20260603/dbt-poc/jaffle_shop_duckdb', 'cache_selected_only': 'False', 'debug': 'False'}
[0m07:19:42.489925 [debug] [MainThread]: Sending event: {'category': 'dbt', 'action': 'project_id', 'label': '3a309bb8-06f6-4f5e-adbc-49533340a645', 'context': [<snowplow_tracker.self_describing_json.SelfDescribingJson object at 0x108b0b190>]}
[0m07:19:42.540756 [debug] [MainThread]: Sending event: {'category': 'dbt', 'action': 'adapter_info', 'label': '3a309bb8-06f6-4f5e-adbc-49533340a645', 'context': [<snowplow_tracker.self_describing_json.SelfDescribingJson object at 0x108bdbbb0>]}
[0m07:19:42.543008 [info ] [MainThread]: Registered adapter: duckdb=1.10.0
[0m07:19:42.685064 [debug] [MainThread]: checksum: 04c83ee057a648a2f8e380c895ffead170732fa039f068d62b9d36aaeefaf7cc, vars: {}, profile: , target: , version: 1.10.22
[0m07:19:42.884376 [debug] [MainThread]: Partial parsing enabled: 0 files deleted, 0 files added, 0 files changed.
[0m07:19:42.884812 [debug] [MainThread]: Partial parsing enabled, no changes found, skipping parsing
[0m07:19:42.939230 [debug] [MainThread]: Sending event: {'category': 'dbt', 'action': 'load_project', 'label': '3a309bb8-06f6-4f5e-adbc-49533340a645', 'context': [<snowplow_tracker.self_describing_json.SelfDescribingJson object at 0x10918e130>]}
[0m07:19:43.070357 [debug] [MainThread]: Wrote artifact WritableManifest to /Users/n-mjkim/workspace2/test_20260603/dbt-poc/jaffle_shop_duckdb/target/manifest.json
[0m07:19:43.074221 [debug] [MainThread]: Wrote artifact SemanticManifest to /Users/n-mjkim/workspace2/test_20260603/dbt-poc/jaffle_shop_duckdb/target/semantic_manifest.json
[0m07:19:43.120163 [debug] [MainThread]: Sending event: {'category': 'dbt', 'action': 'resource_counts', 'label': '3a309bb8-06f6-4f5e-adbc-49533340a645', 'context': [<snowplow_tracker.self_describing_json.SelfDescribingJson object at 0x10917ac70>]}
[0m07:19:43.120721 [info ] [MainThread]: Found 5 models, 3 seeds, 20 data tests, 456 macros
[0m07:19:43.123283 [info ] [MainThread]: 
[0m07:19:43.123615 [info ] [MainThread]: Concurrency: 24 threads (target='dev')
[0m07:19:43.123886 [info ] [MainThread]: 
[0m07:19:43.124322 [debug] [MainThread]: Acquiring new duckdb connection 'master'
[0m07:19:43.129543 [debug] [ThreadPool]: Acquiring new duckdb connection 'list_jaffle_shop'
[0m07:19:43.293025 [debug] [ThreadPool]: Using duckdb connection "list_jaffle_shop"
[0m07:19:43.293470 [debug] [ThreadPool]: On list_jaffle_shop: /* {"app": "dbt", "dbt_version": "1.10.22", "profile_name": "jaffle_shop", "target_name": "dev", "connection_name": "list_jaffle_shop"} */

    
    select schema_name
    from system.information_schema.schemata
    
    where lower(catalog_name) = '"jaffle_shop"'
    
  
  
[0m07:19:43.293766 [debug] [ThreadPool]: Opening a new connection, currently in state init
[0m07:19:43.317273 [debug] [ThreadPool]: SQL status: OK in 0.023 seconds
[0m07:19:43.318456 [debug] [ThreadPool]: On list_jaffle_shop: Close
[0m07:19:43.319060 [debug] [ThreadPool]: Re-using an available connection from the pool (formerly list_jaffle_shop, now create_jaffle_shop_main)
[0m07:19:43.319464 [debug] [ThreadPool]: Creating schema "database: "jaffle_shop"
schema: "main"
"
[0m07:19:43.326091 [debug] [ThreadPool]: Using duckdb connection "create_jaffle_shop_main"
[0m07:19:43.326439 [debug] [ThreadPool]: On create_jaffle_shop_main: /* {"app": "dbt", "dbt_version": "1.10.22", "profile_name": "jaffle_shop", "target_name": "dev", "connection_name": "create_jaffle_shop_main"} */

    
        select type from duckdb_databases()
        where lower(database_name)='jaffle_shop'
        and type='sqlite'
    
  
[0m07:19:43.326711 [debug] [ThreadPool]: Opening a new connection, currently in state closed
[0m07:19:43.327755 [debug] [ThreadPool]: SQL status: OK in 0.001 seconds
[0m07:19:43.329139 [debug] [ThreadPool]: Using duckdb connection "create_jaffle_shop_main"
[0m07:19:43.329465 [debug] [ThreadPool]: On create_jaffle_shop_main: BEGIN
[0m07:19:43.329905 [debug] [ThreadPool]: SQL status: OK in 0.000 seconds
[0m07:19:43.330180 [debug] [ThreadPool]: Using duckdb connection "create_jaffle_shop_main"
[0m07:19:43.330454 [debug] [ThreadPool]: On create_jaffle_shop_main: /* {"app": "dbt", "dbt_version": "1.10.22", "profile_name": "jaffle_shop", "target_name": "dev", "connection_name": "create_jaffle_shop_main"} */

    
    
        create schema if not exists "jaffle_shop"."main"
    
[0m07:19:43.330913 [debug] [ThreadPool]: SQL status: OK in 0.000 seconds
[0m07:19:43.331655 [debug] [ThreadPool]: On create_jaffle_shop_main: COMMIT
[0m07:19:43.331971 [debug] [ThreadPool]: Using duckdb connection "create_jaffle_shop_main"
[0m07:19:43.332235 [debug] [ThreadPool]: On create_jaffle_shop_main: COMMIT
[0m07:19:43.332595 [debug] [ThreadPool]: SQL status: OK in 0.000 seconds
[0m07:19:43.332877 [debug] [ThreadPool]: On create_jaffle_shop_main: Close
[0m07:19:43.334284 [debug] [ThreadPool]: Re-using an available connection from the pool (formerly create_jaffle_shop_main, now list_jaffle_shop_main)
[0m07:19:43.339958 [debug] [ThreadPool]: Using duckdb connection "list_jaffle_shop_main"
[0m07:19:43.340253 [debug] [ThreadPool]: On list_jaffle_shop_main: BEGIN
[0m07:19:43.340507 [debug] [ThreadPool]: Opening a new connection, currently in state closed
[0m07:19:43.340907 [debug] [ThreadPool]: SQL status: OK in 0.000 seconds
[0m07:19:43.341165 [debug] [ThreadPool]: Using duckdb connection "list_jaffle_shop_main"
[0m07:19:43.341446 [debug] [ThreadPool]: On list_jaffle_shop_main: /* {"app": "dbt", "dbt_version": "1.10.22", "profile_name": "jaffle_shop", "target_name": "dev", "connection_name": "list_jaffle_shop_main"} */
select
      'jaffle_shop' as database,
      table_name as name,
      table_schema as schema,
      CASE table_type
        WHEN 'BASE TABLE' THEN 'table'
        WHEN 'VIEW' THEN 'view'
        WHEN 'LOCAL TEMPORARY' THEN 'table'
        END as type
    from system.information_schema.tables
    where lower(table_schema) = 'main'
    and lower(table_catalog) = 'jaffle_shop'
  
[0m07:19:43.355094 [debug] [ThreadPool]: SQL status: OK in 0.013 seconds
[0m07:19:43.357399 [debug] [ThreadPool]: On list_jaffle_shop_main: ROLLBACK
[0m07:19:43.362329 [debug] [ThreadPool]: Failed to rollback 'list_jaffle_shop_main'
[0m07:19:43.362610 [debug] [ThreadPool]: On list_jaffle_shop_main: Close
[0m07:19:43.363979 [debug] [MainThread]: Sending event: {'category': 'dbt', 'action': 'runnable_timing', 'label': '3a309bb8-06f6-4f5e-adbc-49533340a645', 'context': [<snowplow_tracker.self_describing_json.SelfDescribingJson object at 0x1092cbd30>]}
[0m07:19:43.364387 [debug] [MainThread]: Using duckdb connection "master"
[0m07:19:43.364652 [debug] [MainThread]: On master: BEGIN
[0m07:19:43.364906 [debug] [MainThread]: Opening a new connection, currently in state init
[0m07:19:43.365322 [debug] [MainThread]: SQL status: OK in 0.000 seconds
[0m07:19:43.365583 [debug] [MainThread]: On master: COMMIT
[0m07:19:43.365840 [debug] [MainThread]: Using duckdb connection "master"
[0m07:19:43.366090 [debug] [MainThread]: On master: COMMIT
[0m07:19:43.366427 [debug] [MainThread]: SQL status: OK in 0.000 seconds
[0m07:19:43.366688 [debug] [MainThread]: On master: Close
[0m07:19:43.370824 [debug] [Thread-1  ]: Began running node seed.jaffle_shop.raw_customers
[0m07:19:43.371187 [debug] [Thread-2  ]: Began running node seed.jaffle_shop.raw_orders
[0m07:19:43.371643 [info ] [Thread-1  ]: 1 of 28 START seed file main.raw_customers ..................................... [RUN]
[0m07:19:43.372047 [debug] [Thread-3  ]: Began running node seed.jaffle_shop.raw_payments
[0m07:19:43.372478 [info ] [Thread-2  ]: 2 of 28 START seed file main.raw_orders ........................................ [RUN]
[0m07:19:43.372899 [debug] [Thread-1  ]: Re-using an available connection from the pool (formerly list_jaffle_shop_main, now seed.jaffle_shop.raw_customers)
[0m07:19:43.373321 [info ] [Thread-3  ]: 3 of 28 START seed file main.raw_payments ...................................... [RUN]
[0m07:19:43.373763 [debug] [Thread-2  ]: Acquiring new duckdb connection 'seed.jaffle_shop.raw_orders'
[0m07:19:43.374093 [debug] [Thread-1  ]: Began compiling node seed.jaffle_shop.raw_customers
[0m07:19:43.374515 [debug] [Thread-3  ]: Acquiring new duckdb connection 'seed.jaffle_shop.raw_payments'
[0m07:19:43.374847 [debug] [Thread-2  ]: Began compiling node seed.jaffle_shop.raw_orders
[0m07:19:43.375179 [debug] [Thread-1  ]: Began executing node seed.jaffle_shop.raw_customers
[0m07:19:43.375494 [debug] [Thread-3  ]: Began compiling node seed.jaffle_shop.raw_payments
[0m07:19:43.375812 [debug] [Thread-2  ]: Began executing node seed.jaffle_shop.raw_orders
[0m07:19:43.388708 [debug] [Thread-3  ]: Began executing node seed.jaffle_shop.raw_payments
[0m07:19:43.414506 [debug] [Thread-3  ]: Using duckdb connection "seed.jaffle_shop.raw_payments"
[0m07:19:43.419123 [debug] [Thread-1  ]: Using duckdb connection "seed.jaffle_shop.raw_customers"
[0m07:19:43.419463 [debug] [Thread-3  ]: On seed.jaffle_shop.raw_payments: BEGIN
[0m07:19:43.421765 [debug] [Thread-2  ]: Using duckdb connection "seed.jaffle_shop.raw_orders"
[0m07:19:43.422108 [debug] [Thread-1  ]: On seed.jaffle_shop.raw_customers: BEGIN
[0m07:19:43.422430 [debug] [Thread-3  ]: Opening a new connection, currently in state init
[0m07:19:43.422755 [debug] [Thread-2  ]: On seed.jaffle_shop.raw_orders: BEGIN
[0m07:19:43.423061 [debug] [Thread-1  ]: Opening a new connection, currently in state closed
[0m07:19:43.423564 [debug] [Thread-2  ]: Opening a new connection, currently in state init
[0m07:19:43.424042 [debug] [Thread-3  ]: SQL status: OK in 0.002 seconds
[0m07:19:43.424432 [debug] [Thread-3  ]: Using duckdb connection "seed.jaffle_shop.raw_payments"
[0m07:19:43.424774 [debug] [Thread-1  ]: SQL status: OK in 0.002 seconds
[0m07:19:43.425100 [debug] [Thread-3  ]: On seed.jaffle_shop.raw_payments: /* {"app": "dbt", "dbt_version": "1.10.22", "profile_name": "jaffle_shop", "target_name": "dev", "node_id": "seed.jaffle_shop.raw_payments"} */
truncate table "jaffle_shop"."main"."raw_payments"
[0m07:19:43.425427 [debug] [Thread-2  ]: SQL status: OK in 0.002 seconds
[0m07:19:43.425744 [debug] [Thread-1  ]: Using duckdb connection "seed.jaffle_shop.raw_customers"
[0m07:19:43.426176 [debug] [Thread-2  ]: Using duckdb connection "seed.jaffle_shop.raw_orders"
[0m07:19:43.426504 [debug] [Thread-1  ]: On seed.jaffle_shop.raw_customers: /* {"app": "dbt", "dbt_version": "1.10.22", "profile_name": "jaffle_shop", "target_name": "dev", "node_id": "seed.jaffle_shop.raw_customers"} */
truncate table "jaffle_shop"."main"."raw_customers"
[0m07:19:43.426833 [debug] [Thread-2  ]: On seed.jaffle_shop.raw_orders: /* {"app": "dbt", "dbt_version": "1.10.22", "profile_name": "jaffle_shop", "target_name": "dev", "node_id": "seed.jaffle_shop.raw_orders"} */
truncate table "jaffle_shop"."main"."raw_orders"
[0m07:19:43.428842 [debug] [Thread-1  ]: SQL status: OK in 0.002 seconds
[0m07:19:43.429164 [debug] [Thread-3  ]: SQL status: OK in 0.003 seconds
[0m07:19:43.429480 [debug] [Thread-2  ]: SQL status: OK in 0.002 seconds
[0m07:19:43.446430 [debug] [Thread-1  ]: Using duckdb connection "seed.jaffle_shop.raw_customers"
[0m07:19:43.449471 [debug] [Thread-3  ]: Using duckdb connection "seed.jaffle_shop.raw_payments"
[0m07:19:43.450535 [debug] [Thread-2  ]: Using duckdb connection "seed.jaffle_shop.raw_orders"
[0m07:19:43.450885 [debug] [Thread-1  ]: On seed.jaffle_shop.raw_customers: 
          COPY "jaffle_shop"."main"."raw_customers" FROM '/Users/n-mjkim/workspace2/test_20260603/dbt-poc/jaffle_shop_duckdb/seeds/raw_customers.csv' (FORMAT CSV, HEADER TRUE, DELIMITER ',')
        ...
[0m07:19:43.451209 [debug] [Thread-3  ]: On seed.jaffle_shop.raw_payments: 
          COPY "jaffle_shop"."main"."raw_payments" FROM '/Users/n-mjkim/workspace2/test_20260603/dbt-poc/jaffle_shop_duckdb/seeds/raw_payments.csv' (FORMAT CSV, HEADER TRUE, DELIMITER ',')
        ...
[0m07:19:43.451526 [debug] [Thread-2  ]: On seed.jaffle_shop.raw_orders: 
          COPY "jaffle_shop"."main"."raw_orders" FROM '/Users/n-mjkim/workspace2/test_20260603/dbt-poc/jaffle_shop_duckdb/seeds/raw_orders.csv' (FORMAT CSV, HEADER TRUE, DELIMITER ',')
        ...
[0m07:19:43.462275 [debug] [Thread-3  ]: SQL status: OK in 0.010 seconds
[0m07:19:43.462677 [debug] [Thread-1  ]: SQL status: OK in 0.011 seconds
[0m07:19:43.467627 [debug] [Thread-3  ]: Writing runtime SQL for node "seed.jaffle_shop.raw_payments"
[0m07:19:43.468269 [debug] [Thread-1  ]: Writing runtime SQL for node "seed.jaffle_shop.raw_customers"
[0m07:19:43.468611 [debug] [Thread-2  ]: SQL status: OK in 0.017 seconds
[0m07:19:43.469354 [debug] [Thread-2  ]: Writing runtime SQL for node "seed.jaffle_shop.raw_orders"
[0m07:19:43.480082 [debug] [Thread-3  ]: On seed.jaffle_shop.raw_payments: COMMIT
[0m07:19:43.480494 [debug] [Thread-3  ]: Using duckdb connection "seed.jaffle_shop.raw_payments"
[0m07:19:43.482872 [debug] [Thread-1  ]: On seed.jaffle_shop.raw_customers: COMMIT
[0m07:19:43.483229 [debug] [Thread-3  ]: On seed.jaffle_shop.raw_payments: COMMIT
[0m07:19:43.484480 [debug] [Thread-2  ]: On seed.jaffle_shop.raw_orders: COMMIT
[0m07:19:43.484794 [debug] [Thread-1  ]: Using duckdb connection "seed.jaffle_shop.raw_customers"
[0m07:19:43.485234 [debug] [Thread-2  ]: Using duckdb connection "seed.jaffle_shop.raw_orders"
[0m07:19:43.485560 [debug] [Thread-1  ]: On seed.jaffle_shop.raw_customers: COMMIT
[0m07:19:43.485900 [debug] [Thread-2  ]: On seed.jaffle_shop.raw_orders: COMMIT
[0m07:19:43.486253 [debug] [Thread-3  ]: SQL status: OK in 0.001 seconds
[0m07:19:43.487992 [debug] [Thread-3  ]: On seed.jaffle_shop.raw_payments: Close
[0m07:19:43.488920 [debug] [Thread-1  ]: SQL status: OK in 0.003 seconds
[0m07:19:43.489473 [debug] [Thread-2  ]: SQL status: OK in 0.003 seconds
[0m07:19:43.490068 [debug] [Thread-1  ]: On seed.jaffle_shop.raw_customers: Close
[0m07:19:43.491009 [debug] [Thread-2  ]: On seed.jaffle_shop.raw_orders: Close
[0m07:19:43.492407 [debug] [Thread-3  ]: Sending event: {'category': 'dbt', 'action': 'run_model', 'label': '3a309bb8-06f6-4f5e-adbc-49533340a645', 'context': [<snowplow_tracker.self_describing_json.SelfDescribingJson object at 0x107da7fa0>]}
[0m07:19:43.492715 [debug] [Thread-1  ]: Sending event: {'category': 'dbt', 'action': 'run_model', 'label': '3a309bb8-06f6-4f5e-adbc-49533340a645', 'context': [<snowplow_tracker.self_describing_json.SelfDescribingJson object at 0x109750c40>]}
[0m07:19:43.493020 [debug] [Thread-2  ]: Sending event: {'category': 'dbt', 'action': 'run_model', 'label': '3a309bb8-06f6-4f5e-adbc-49533340a645', 'context': [<snowplow_tracker.self_describing_json.SelfDescribingJson object at 0x1097f5280>]}
[0m07:19:43.493535 [info ] [Thread-3  ]: 3 of 28 OK loaded seed file main.raw_payments .................................. [[32mINSERT 113[0m in 0.11s]
[0m07:19:43.493998 [info ] [Thread-1  ]: 1 of 28 OK loaded seed file main.raw_customers ................................. [[32mINSERT 100[0m in 0.12s]
[0m07:19:43.494449 [info ] [Thread-2  ]: 2 of 28 OK loaded seed file main.raw_orders .................................... [[32mINSERT 99[0m in 0.12s]
[0m07:19:43.494931 [debug] [Thread-3  ]: Finished running node seed.jaffle_shop.raw_payments
[0m07:19:43.495369 [debug] [Thread-1  ]: Finished running node seed.jaffle_shop.raw_customers
[0m07:19:43.495822 [debug] [Thread-2  ]: Finished running node seed.jaffle_shop.raw_orders
[0m07:19:43.496393 [debug] [Thread-1  ]: Began running node model.jaffle_shop.stg_payments
[0m07:19:43.497026 [info ] [Thread-1  ]: 4 of 28 START sql view model main.stg_payments ................................. [RUN]
[0m07:19:43.497394 [debug] [Thread-6  ]: Began running node model.jaffle_shop.stg_customers
[0m07:19:43.497783 [debug] [Thread-1  ]: Re-using an available connection from the pool (formerly seed.jaffle_shop.raw_customers, now model.jaffle_shop.stg_payments)
[0m07:19:43.498126 [debug] [Thread-7  ]: Began running node model.jaffle_shop.stg_orders
[0m07:19:43.498566 [info ] [Thread-6  ]: 5 of 28 START sql view model main.stg_customers ................................ [RUN]
[0m07:19:43.498947 [debug] [Thread-1  ]: Began compiling node model.jaffle_shop.stg_payments
[0m07:19:43.499359 [info ] [Thread-7  ]: 6 of 28 START sql view model main.stg_orders ................................... [RUN]
[0m07:19:43.499838 [debug] [Thread-6  ]: Acquiring new duckdb connection 'model.jaffle_shop.stg_customers'
[0m07:19:43.507666 [debug] [Thread-1  ]: Writing injected SQL for node "model.jaffle_shop.stg_payments"
[0m07:19:43.508089 [debug] [Thread-7  ]: Acquiring new duckdb connection 'model.jaffle_shop.stg_orders'
[0m07:19:43.508428 [debug] [Thread-6  ]: Began compiling node model.jaffle_shop.stg_customers
[0m07:19:43.508813 [debug] [Thread-7  ]: Began compiling node model.jaffle_shop.stg_orders
[0m07:19:43.511321 [debug] [Thread-6  ]: Writing injected SQL for node "model.jaffle_shop.stg_customers"
[0m07:19:43.514815 [debug] [Thread-7  ]: Writing injected SQL for node "model.jaffle_shop.stg_orders"
[0m07:19:43.515488 [debug] [Thread-1  ]: Began executing node model.jaffle_shop.stg_payments
[0m07:19:43.540800 [debug] [Thread-7  ]: Began executing node model.jaffle_shop.stg_orders
[0m07:19:43.541194 [debug] [Thread-6  ]: Began executing node model.jaffle_shop.stg_customers
[0m07:19:43.541509 [debug] [Thread-1  ]: Writing runtime sql for node "model.jaffle_shop.stg_payments"
[0m07:19:43.545194 [debug] [Thread-7  ]: Writing runtime sql for node "model.jaffle_shop.stg_orders"
[0m07:19:43.548682 [debug] [Thread-6  ]: Writing runtime sql for node "model.jaffle_shop.stg_customers"
[0m07:19:43.550279 [debug] [Thread-7  ]: Using duckdb connection "model.jaffle_shop.stg_orders"
[0m07:19:43.550653 [debug] [Thread-6  ]: Using duckdb connection "model.jaffle_shop.stg_customers"
[0m07:19:43.551010 [debug] [Thread-1  ]: Using duckdb connection "model.jaffle_shop.stg_payments"
[0m07:19:43.551322 [debug] [Thread-7  ]: On model.jaffle_shop.stg_orders: BEGIN
[0m07:19:43.551635 [debug] [Thread-6  ]: On model.jaffle_shop.stg_customers: BEGIN
[0m07:19:43.551943 [debug] [Thread-1  ]: On model.jaffle_shop.stg_payments: BEGIN
[0m07:19:43.552251 [debug] [Thread-7  ]: Opening a new connection, currently in state init
[0m07:19:43.552550 [debug] [Thread-6  ]: Opening a new connection, currently in state init
[0m07:19:43.552863 [debug] [Thread-1  ]: Opening a new connection, currently in state closed
[0m07:19:43.553565 [debug] [Thread-7  ]: SQL status: OK in 0.001 seconds
[0m07:19:43.553910 [debug] [Thread-7  ]: Using duckdb connection "model.jaffle_shop.stg_orders"
[0m07:19:43.554245 [debug] [Thread-6  ]: SQL status: OK in 0.002 seconds
[0m07:19:43.554563 [debug] [Thread-1  ]: SQL status: OK in 0.002 seconds
[0m07:19:43.554887 [debug] [Thread-7  ]: On model.jaffle_shop.stg_orders: /* {"app": "dbt", "dbt_version": "1.10.22", "profile_name": "jaffle_shop", "target_name": "dev", "node_id": "model.jaffle_shop.stg_orders"} */

  
  create view "jaffle_shop"."main"."stg_orders__dbt_tmp" as (
    with source as (
    select * from "jaffle_shop"."main"."raw_orders"

),

renamed as (

    select
        id as order_id,
        user_id as customer_id,
        order_date,
        status

    from source

)

select * from renamed
  );

[0m07:19:43.555216 [debug] [Thread-6  ]: Using duckdb connection "model.jaffle_shop.stg_customers"
[0m07:19:43.555519 [debug] [Thread-1  ]: Using duckdb connection "model.jaffle_shop.stg_payments"
[0m07:19:43.555978 [debug] [Thread-6  ]: On model.jaffle_shop.stg_customers: /* {"app": "dbt", "dbt_version": "1.10.22", "profile_name": "jaffle_shop", "target_name": "dev", "node_id": "model.jaffle_shop.stg_customers"} */

  
  create view "jaffle_shop"."main"."stg_customers__dbt_tmp" as (
    with source as (
    select * from "jaffle_shop"."main"."raw_customers"

),

renamed as (

    select
        id as customer_id,
        first_name,
        last_name

    from source

)

select * from renamed
  );

[0m07:19:43.556353 [debug] [Thread-1  ]: On model.jaffle_shop.stg_payments: /* {"app": "dbt", "dbt_version": "1.10.22", "profile_name": "jaffle_shop", "target_name": "dev", "node_id": "model.jaffle_shop.stg_payments"} */

  
  create view "jaffle_shop"."main"."stg_payments__dbt_tmp" as (
    with source as (
    select * from "jaffle_shop"."main"."raw_payments"

),

renamed as (

    select
        id as payment_id,
        order_id,
        payment_method,

        -- `amount` is currently stored in cents, so we convert it to dollars
        amount / 100 as amount

    from source

)

select * from renamed
  );

[0m07:19:43.556698 [debug] [Thread-7  ]: SQL status: OK in 0.001 seconds
[0m07:19:43.562715 [debug] [Thread-7  ]: Using duckdb connection "model.jaffle_shop.stg_orders"
[0m07:19:43.563126 [debug] [Thread-7  ]: On model.jaffle_shop.stg_orders: /* {"app": "dbt", "dbt_version": "1.10.22", "profile_name": "jaffle_shop", "target_name": "dev", "node_id": "model.jaffle_shop.stg_orders"} */
alter view "jaffle_shop"."main"."stg_orders" rename to "stg_orders__dbt_backup"
[0m07:19:43.563448 [debug] [Thread-6  ]: SQL status: OK in 0.006 seconds
[0m07:19:43.563749 [debug] [Thread-1  ]: SQL status: OK in 0.007 seconds
[0m07:19:43.567326 [debug] [Thread-6  ]: Using duckdb connection "model.jaffle_shop.stg_customers"
[0m07:19:43.570214 [debug] [Thread-1  ]: Using duckdb connection "model.jaffle_shop.stg_payments"
[0m07:19:43.570592 [debug] [Thread-7  ]: SQL status: OK in 0.007 seconds
[0m07:19:43.570928 [debug] [Thread-6  ]: On model.jaffle_shop.stg_customers: /* {"app": "dbt", "dbt_version": "1.10.22", "profile_name": "jaffle_shop", "target_name": "dev", "node_id": "model.jaffle_shop.stg_customers"} */
alter view "jaffle_shop"."main"."stg_customers" rename to "stg_customers__dbt_backup"
[0m07:19:43.571280 [debug] [Thread-1  ]: On model.jaffle_shop.stg_payments: /* {"app": "dbt", "dbt_version": "1.10.22", "profile_name": "jaffle_shop", "target_name": "dev", "node_id": "model.jaffle_shop.stg_payments"} */
alter view "jaffle_shop"."main"."stg_payments" rename to "stg_payments__dbt_backup"
[0m07:19:43.574153 [debug] [Thread-7  ]: Using duckdb connection "model.jaffle_shop.stg_orders"
[0m07:19:43.574707 [debug] [Thread-7  ]: On model.jaffle_shop.stg_orders: /* {"app": "dbt", "dbt_version": "1.10.22", "profile_name": "jaffle_shop", "target_name": "dev", "node_id": "model.jaffle_shop.stg_orders"} */
alter view "jaffle_shop"."main"."stg_orders__dbt_tmp" rename to "stg_orders"
[0m07:19:43.575088 [debug] [Thread-6  ]: SQL status: OK in 0.001 seconds
[0m07:19:43.575412 [debug] [Thread-1  ]: SQL status: OK in 0.001 seconds
[0m07:19:43.578188 [debug] [Thread-6  ]: Using duckdb connection "model.jaffle_shop.stg_customers"
[0m07:19:43.578496 [debug] [Thread-7  ]: SQL status: OK in 0.003 seconds
[0m07:19:43.581144 [debug] [Thread-1  ]: Using duckdb connection "model.jaffle_shop.stg_payments"
[0m07:19:43.581495 [debug] [Thread-6  ]: On model.jaffle_shop.stg_customers: /* {"app": "dbt", "dbt_version": "1.10.22", "profile_name": "jaffle_shop", "target_name": "dev", "node_id": "model.jaffle_shop.stg_customers"} */
alter view "jaffle_shop"."main"."stg_customers__dbt_tmp" rename to "stg_customers"
[0m07:19:43.584699 [debug] [Thread-7  ]: On model.jaffle_shop.stg_orders: COMMIT
[0m07:19:43.585059 [debug] [Thread-1  ]: On model.jaffle_shop.stg_payments: /* {"app": "dbt", "dbt_version": "1.10.22", "profile_name": "jaffle_shop", "target_name": "dev", "node_id": "model.jaffle_shop.stg_payments"} */
alter view "jaffle_shop"."main"."stg_payments__dbt_tmp" rename to "stg_payments"
[0m07:19:43.585498 [debug] [Thread-7  ]: Using duckdb connection "model.jaffle_shop.stg_orders"
[0m07:19:43.585908 [debug] [Thread-7  ]: On model.jaffle_shop.stg_orders: COMMIT
[0m07:19:43.586227 [debug] [Thread-6  ]: SQL status: OK in 0.001 seconds
[0m07:19:43.586578 [debug] [Thread-1  ]: SQL status: OK in 0.001 seconds
[0m07:19:43.587981 [debug] [Thread-6  ]: On model.jaffle_shop.stg_customers: COMMIT
[0m07:19:43.588308 [debug] [Thread-7  ]: SQL status: OK in 0.002 seconds
[0m07:19:43.589600 [debug] [Thread-1  ]: On model.jaffle_shop.stg_payments: COMMIT
[0m07:19:43.589924 [debug] [Thread-6  ]: Using duckdb connection "model.jaffle_shop.stg_customers"
[0m07:19:43.595227 [debug] [Thread-7  ]: Using duckdb connection "model.jaffle_shop.stg_orders"
[0m07:19:43.595564 [debug] [Thread-1  ]: Using duckdb connection "model.jaffle_shop.stg_payments"
[0m07:19:43.595884 [debug] [Thread-6  ]: On model.jaffle_shop.stg_customers: COMMIT
[0m07:19:43.596198 [debug] [Thread-7  ]: On model.jaffle_shop.stg_orders: /* {"app": "dbt", "dbt_version": "1.10.22", "profile_name": "jaffle_shop", "target_name": "dev", "node_id": "model.jaffle_shop.stg_orders"} */

      drop view if exists "jaffle_shop"."main"."stg_orders__dbt_backup" cascade
    
[0m07:19:43.596512 [debug] [Thread-1  ]: On model.jaffle_shop.stg_payments: COMMIT
[0m07:19:43.597250 [debug] [Thread-6  ]: SQL status: OK in 0.000 seconds
[0m07:19:43.600426 [debug] [Thread-6  ]: Using duckdb connection "model.jaffle_shop.stg_customers"
[0m07:19:43.600749 [debug] [Thread-7  ]: SQL status: OK in 0.004 seconds
[0m07:19:43.601061 [debug] [Thread-6  ]: On model.jaffle_shop.stg_customers: /* {"app": "dbt", "dbt_version": "1.10.22", "profile_name": "jaffle_shop", "target_name": "dev", "node_id": "model.jaffle_shop.stg_customers"} */

      drop view if exists "jaffle_shop"."main"."stg_customers__dbt_backup" cascade
    
[0m07:19:43.601359 [debug] [Thread-1  ]: SQL status: OK in 0.004 seconds
[0m07:19:43.602381 [debug] [Thread-7  ]: On model.jaffle_shop.stg_orders: Close
[0m07:19:43.604671 [debug] [Thread-1  ]: Using duckdb connection "model.jaffle_shop.stg_payments"
[0m07:19:43.605084 [debug] [Thread-1  ]: On model.jaffle_shop.stg_payments: /* {"app": "dbt", "dbt_version": "1.10.22", "profile_name": "jaffle_shop", "target_name": "dev", "node_id": "model.jaffle_shop.stg_payments"} */

      drop view if exists "jaffle_shop"."main"."stg_payments__dbt_backup" cascade
    
[0m07:19:43.605430 [debug] [Thread-6  ]: SQL status: OK in 0.003 seconds
[0m07:19:43.605954 [debug] [Thread-7  ]: Sending event: {'category': 'dbt', 'action': 'run_model', 'label': '3a309bb8-06f6-4f5e-adbc-49533340a645', 'context': [<snowplow_tracker.self_describing_json.SelfDescribingJson object at 0x10984a970>]}
[0m07:19:43.607141 [debug] [Thread-6  ]: On model.jaffle_shop.stg_customers: Close
[0m07:19:43.607742 [info ] [Thread-7  ]: 6 of 28 OK created sql view model main.stg_orders .............................. [[32mOK[0m in 0.10s]
[0m07:19:43.608087 [debug] [Thread-1  ]: SQL status: OK in 0.002 seconds
[0m07:19:43.608530 [debug] [Thread-7  ]: Finished running node model.jaffle_shop.stg_orders
[0m07:19:43.608965 [debug] [Thread-6  ]: Sending event: {'category': 'dbt', 'action': 'run_model', 'label': '3a309bb8-06f6-4f5e-adbc-49533340a645', 'context': [<snowplow_tracker.self_describing_json.SelfDescribingJson object at 0x109873d90>]}
[0m07:19:43.609932 [debug] [Thread-1  ]: On model.jaffle_shop.stg_payments: Close
[0m07:19:43.610575 [debug] [Thread-9  ]: Began running node test.jaffle_shop.accepted_values_stg_orders_status__placed__shipped__completed__return_pending__returned.080fb20aad
[0m07:19:43.610952 [debug] [Thread-10 ]: Began running node test.jaffle_shop.not_null_stg_orders_order_id.81cfe2fe64
[0m07:19:43.611304 [debug] [Thread-11 ]: Began running node test.jaffle_shop.unique_stg_orders_order_id.e3b841c71a
[0m07:19:43.611753 [info ] [Thread-6  ]: 5 of 28 OK created sql view model main.stg_customers ........................... [[32mOK[0m in 0.11s]
[0m07:19:43.612189 [debug] [Thread-1  ]: Sending event: {'category': 'dbt', 'action': 'run_model', 'label': '3a309bb8-06f6-4f5e-adbc-49533340a645', 'context': [<snowplow_tracker.self_describing_json.SelfDescribingJson object at 0x1097c4bb0>]}
[0m07:19:43.612547 [info ] [Thread-9  ]: 7 of 28 START test accepted_values_stg_orders_status__placed__shipped__completed__return_pending__returned  [RUN]
[0m07:19:43.612912 [info ] [Thread-10 ]: 8 of 28 START test not_null_stg_orders_order_id ................................ [RUN]
[0m07:19:43.613269 [info ] [Thread-11 ]: 9 of 28 START test unique_stg_orders_order_id .................................. [RUN]
[0m07:19:43.613733 [debug] [Thread-6  ]: Finished running node model.jaffle_shop.stg_customers
[0m07:19:43.614236 [debug] [Thread-9  ]: Acquiring new duckdb connection 'test.jaffle_shop.accepted_values_stg_orders_status__placed__shipped__completed__return_pending__returned.080fb20aad'
[0m07:19:43.614654 [info ] [Thread-1  ]: 4 of 28 OK created sql view model main.stg_payments ............................ [[32mOK[0m in 0.11s]
[0m07:19:43.615081 [debug] [Thread-10 ]: Acquiring new duckdb connection 'test.jaffle_shop.not_null_stg_orders_order_id.81cfe2fe64'
[0m07:19:43.615469 [debug] [Thread-11 ]: Acquiring new duckdb connection 'test.jaffle_shop.unique_stg_orders_order_id.e3b841c71a'
[0m07:19:43.615875 [debug] [Thread-9  ]: Began compiling node test.jaffle_shop.accepted_values_stg_orders_status__placed__shipped__completed__return_pending__returned.080fb20aad
[0m07:19:43.616267 [debug] [Thread-13 ]: Began running node test.jaffle_shop.not_null_stg_customers_customer_id.e2cfb1f9aa
[0m07:19:43.616698 [debug] [Thread-1  ]: Finished running node model.jaffle_shop.stg_payments
[0m07:19:43.617003 [debug] [Thread-14 ]: Began running node test.jaffle_shop.unique_stg_customers_customer_id.c7614daada
[0m07:19:43.617315 [debug] [Thread-10 ]: Began compiling node test.jaffle_shop.not_null_stg_orders_order_id.81cfe2fe64
[0m07:19:43.617615 [debug] [Thread-11 ]: Began compiling node test.jaffle_shop.unique_stg_orders_order_id.e3b841c71a
[0m07:19:43.629445 [debug] [Thread-9  ]: Writing injected SQL for node "test.jaffle_shop.accepted_values_stg_orders_status__placed__shipped__completed__return_pending__returned.080fb20aad"
[0m07:19:43.629791 [info ] [Thread-13 ]: 10 of 28 START test not_null_stg_customers_customer_id ......................... [RUN]
[0m07:19:43.630296 [info ] [Thread-14 ]: 11 of 28 START test unique_stg_customers_customer_id ........................... [RUN]
[0m07:19:43.630668 [debug] [Thread-16 ]: Began running node test.jaffle_shop.accepted_values_stg_payments_payment_method__credit_card__coupon__bank_transfer__gift_card.3c3820f278
[0m07:19:43.636540 [debug] [Thread-17 ]: Began running node test.jaffle_shop.not_null_stg_payments_payment_id.c19cc50075
[0m07:19:43.636901 [debug] [Thread-18 ]: Began running node test.jaffle_shop.unique_stg_payments_payment_id.3744510712
[0m07:19:43.638731 [debug] [Thread-10 ]: Writing injected SQL for node "test.jaffle_shop.not_null_stg_orders_order_id.81cfe2fe64"
[0m07:19:43.643983 [debug] [Thread-11 ]: Writing injected SQL for node "test.jaffle_shop.unique_stg_orders_order_id.e3b841c71a"
[0m07:19:43.644488 [debug] [Thread-13 ]: Acquiring new duckdb connection 'test.jaffle_shop.not_null_stg_customers_customer_id.e2cfb1f9aa'
[0m07:19:43.644923 [debug] [Thread-14 ]: Acquiring new duckdb connection 'test.jaffle_shop.unique_stg_customers_customer_id.c7614daada'
[0m07:19:43.645280 [info ] [Thread-16 ]: 12 of 28 START test accepted_values_stg_payments_payment_method__credit_card__coupon__bank_transfer__gift_card  [RUN]
[0m07:19:43.645631 [info ] [Thread-17 ]: 13 of 28 START test not_null_stg_payments_payment_id ........................... [RUN]
[0m07:19:43.646017 [info ] [Thread-18 ]: 14 of 28 START test unique_stg_payments_payment_id ............................. [RUN]
[0m07:19:43.646354 [debug] [Thread-9  ]: Began executing node test.jaffle_shop.accepted_values_stg_orders_status__placed__shipped__completed__return_pending__returned.080fb20aad
[0m07:19:43.646802 [debug] [Thread-13 ]: Began compiling node test.jaffle_shop.not_null_stg_customers_customer_id.e2cfb1f9aa
[0m07:19:43.647125 [debug] [Thread-14 ]: Began compiling node test.jaffle_shop.unique_stg_customers_customer_id.c7614daada
[0m07:19:43.647541 [debug] [Thread-16 ]: Acquiring new duckdb connection 'test.jaffle_shop.accepted_values_stg_payments_payment_method__credit_card__coupon__bank_transfer__gift_card.3c3820f278'
[0m07:19:43.647979 [debug] [Thread-17 ]: Acquiring new duckdb connection 'test.jaffle_shop.not_null_stg_payments_payment_id.c19cc50075'
[0m07:19:43.648313 [debug] [Thread-10 ]: Began executing node test.jaffle_shop.not_null_stg_orders_order_id.81cfe2fe64
[0m07:19:43.648711 [debug] [Thread-18 ]: Acquiring new duckdb connection 'test.jaffle_shop.unique_stg_payments_payment_id.3744510712'
[0m07:19:43.649034 [debug] [Thread-11 ]: Began executing node test.jaffle_shop.unique_stg_orders_order_id.e3b841c71a
[0m07:19:43.666259 [debug] [Thread-13 ]: Writing injected SQL for node "test.jaffle_shop.not_null_stg_customers_customer_id.e2cfb1f9aa"
[0m07:19:43.669294 [debug] [Thread-9  ]: Writing runtime sql for node "test.jaffle_shop.accepted_values_stg_orders_status__placed__shipped__completed__return_pending__returned.080fb20aad"
[0m07:19:43.672713 [debug] [Thread-14 ]: Writing injected SQL for node "test.jaffle_shop.unique_stg_customers_customer_id.c7614daada"
[0m07:19:43.673059 [debug] [Thread-16 ]: Began compiling node test.jaffle_shop.accepted_values_stg_payments_payment_method__credit_card__coupon__bank_transfer__gift_card.3c3820f278
[0m07:19:43.673376 [debug] [Thread-17 ]: Began compiling node test.jaffle_shop.not_null_stg_payments_payment_id.c19cc50075
[0m07:19:43.675768 [debug] [Thread-10 ]: Writing runtime sql for node "test.jaffle_shop.not_null_stg_orders_order_id.81cfe2fe64"
[0m07:19:43.676098 [debug] [Thread-18 ]: Began compiling node test.jaffle_shop.unique_stg_payments_payment_id.3744510712
[0m07:19:43.678431 [debug] [Thread-11 ]: Writing runtime sql for node "test.jaffle_shop.unique_stg_orders_order_id.e3b841c71a"
[0m07:19:43.684016 [debug] [Thread-16 ]: Writing injected SQL for node "test.jaffle_shop.accepted_values_stg_payments_payment_method__credit_card__coupon__bank_transfer__gift_card.3c3820f278"
[0m07:19:43.687592 [debug] [Thread-17 ]: Writing injected SQL for node "test.jaffle_shop.not_null_stg_payments_payment_id.c19cc50075"
[0m07:19:43.687978 [debug] [Thread-14 ]: Began executing node test.jaffle_shop.unique_stg_customers_customer_id.c7614daada
[0m07:19:43.692333 [debug] [Thread-18 ]: Writing injected SQL for node "test.jaffle_shop.unique_stg_payments_payment_id.3744510712"
[0m07:19:43.692642 [debug] [Thread-13 ]: Began executing node test.jaffle_shop.not_null_stg_customers_customer_id.e2cfb1f9aa
[0m07:19:43.692994 [debug] [Thread-9  ]: Using duckdb connection "test.jaffle_shop.accepted_values_stg_orders_status__placed__shipped__completed__return_pending__returned.080fb20aad"
[0m07:19:43.695519 [debug] [Thread-14 ]: Writing runtime sql for node "test.jaffle_shop.unique_stg_customers_customer_id.c7614daada"
[0m07:19:43.695887 [debug] [Thread-10 ]: Using duckdb connection "test.jaffle_shop.not_null_stg_orders_order_id.81cfe2fe64"
[0m07:19:43.696345 [debug] [Thread-17 ]: Began executing node test.jaffle_shop.not_null_stg_payments_payment_id.c19cc50075
[0m07:19:43.698721 [debug] [Thread-13 ]: Writing runtime sql for node "test.jaffle_shop.not_null_stg_customers_customer_id.e2cfb1f9aa"
[0m07:19:43.699110 [debug] [Thread-9  ]: On test.jaffle_shop.accepted_values_stg_orders_status__placed__shipped__completed__return_pending__returned.080fb20aad: BEGIN
[0m07:19:43.699447 [debug] [Thread-16 ]: Began executing node test.jaffle_shop.accepted_values_stg_payments_payment_method__credit_card__coupon__bank_transfer__gift_card.3c3820f278
[0m07:19:43.699859 [debug] [Thread-11 ]: Using duckdb connection "test.jaffle_shop.unique_stg_orders_order_id.e3b841c71a"
[0m07:19:43.700167 [debug] [Thread-18 ]: Began executing node test.jaffle_shop.unique_stg_payments_payment_id.3744510712
[0m07:19:43.700496 [debug] [Thread-10 ]: On test.jaffle_shop.not_null_stg_orders_order_id.81cfe2fe64: BEGIN
[0m07:19:43.702882 [debug] [Thread-17 ]: Writing runtime sql for node "test.jaffle_shop.not_null_stg_payments_payment_id.c19cc50075"
[0m07:19:43.703316 [debug] [Thread-9  ]: Opening a new connection, currently in state init
[0m07:19:43.703661 [debug] [Thread-14 ]: Using duckdb connection "test.jaffle_shop.unique_stg_customers_customer_id.c7614daada"
[0m07:19:43.706053 [debug] [Thread-16 ]: Writing runtime sql for node "test.jaffle_shop.accepted_values_stg_payments_payment_method__credit_card__coupon__bank_transfer__gift_card.3c3820f278"
[0m07:19:43.706405 [debug] [Thread-11 ]: On test.jaffle_shop.unique_stg_orders_order_id.e3b841c71a: BEGIN
[0m07:19:43.706761 [debug] [Thread-13 ]: Using duckdb connection "test.jaffle_shop.not_null_stg_customers_customer_id.e2cfb1f9aa"
[0m07:19:43.709101 [debug] [Thread-18 ]: Writing runtime sql for node "test.jaffle_shop.unique_stg_payments_payment_id.3744510712"
[0m07:19:43.709424 [debug] [Thread-10 ]: Opening a new connection, currently in state init
[0m07:19:43.709970 [debug] [Thread-14 ]: On test.jaffle_shop.unique_stg_customers_customer_id.c7614daada: BEGIN
[0m07:19:43.710361 [debug] [Thread-9  ]: SQL status: OK in 0.007 seconds
[0m07:19:43.710691 [debug] [Thread-11 ]: Opening a new connection, currently in state init
[0m07:19:43.711057 [debug] [Thread-13 ]: On test.jaffle_shop.not_null_stg_customers_customer_id.e2cfb1f9aa: BEGIN
[0m07:19:43.711406 [debug] [Thread-17 ]: Using duckdb connection "test.jaffle_shop.not_null_stg_payments_payment_id.c19cc50075"
[0m07:19:43.711767 [debug] [Thread-16 ]: Using duckdb connection "test.jaffle_shop.accepted_values_stg_payments_payment_method__credit_card__coupon__bank_transfer__gift_card.3c3820f278"
[0m07:19:43.712225 [debug] [Thread-14 ]: Opening a new connection, currently in state init
[0m07:19:43.712555 [debug] [Thread-9  ]: Using duckdb connection "test.jaffle_shop.accepted_values_stg_orders_status__placed__shipped__completed__return_pending__returned.080fb20aad"
[0m07:19:43.712954 [debug] [Thread-10 ]: SQL status: OK in 0.004 seconds
[0m07:19:43.713292 [debug] [Thread-13 ]: Opening a new connection, currently in state init
[0m07:19:43.713615 [debug] [Thread-11 ]: SQL status: OK in 0.003 seconds
[0m07:19:43.713913 [debug] [Thread-17 ]: On test.jaffle_shop.not_null_stg_payments_payment_id.c19cc50075: BEGIN
[0m07:19:43.714243 [debug] [Thread-18 ]: Using duckdb connection "test.jaffle_shop.unique_stg_payments_payment_id.3744510712"
[0m07:19:43.714575 [debug] [Thread-16 ]: On test.jaffle_shop.accepted_values_stg_payments_payment_method__credit_card__coupon__bank_transfer__gift_card.3c3820f278: BEGIN
[0m07:19:43.715016 [debug] [Thread-9  ]: On test.jaffle_shop.accepted_values_stg_orders_status__placed__shipped__completed__return_pending__returned.080fb20aad: /* {"app": "dbt", "dbt_version": "1.10.22", "profile_name": "jaffle_shop", "target_name": "dev", "node_id": "test.jaffle_shop.accepted_values_stg_orders_status__placed__shipped__completed__return_pending__returned.080fb20aad"} */

    select
      count(*) as failures,
      count(*) != 0 as should_warn,
      count(*) != 0 as should_error
    from (
      
    
  
    
    

with all_values as (

    select
        status as value_field,
        count(*) as n_records

    from "jaffle_shop"."main"."stg_orders"
    group by status

)

select *
from all_values
where value_field not in (
    'placed','shipped','completed','return_pending','returned'
)



  
  
      
    ) dbt_internal_test
[0m07:19:43.715380 [debug] [Thread-10 ]: Using duckdb connection "test.jaffle_shop.not_null_stg_orders_order_id.81cfe2fe64"
[0m07:19:43.715706 [debug] [Thread-14 ]: SQL status: OK in 0.003 seconds
[0m07:19:43.716074 [debug] [Thread-11 ]: Using duckdb connection "test.jaffle_shop.unique_stg_orders_order_id.e3b841c71a"
[0m07:19:43.716388 [debug] [Thread-17 ]: Opening a new connection, currently in state init
[0m07:19:43.716700 [debug] [Thread-13 ]: SQL status: OK in 0.003 seconds
[0m07:19:43.717001 [debug] [Thread-18 ]: On test.jaffle_shop.unique_stg_payments_payment_id.3744510712: BEGIN
[0m07:19:43.717312 [debug] [Thread-16 ]: Opening a new connection, currently in state init
[0m07:19:43.717772 [debug] [Thread-10 ]: On test.jaffle_shop.not_null_stg_orders_order_id.81cfe2fe64: /* {"app": "dbt", "dbt_version": "1.10.22", "profile_name": "jaffle_shop", "target_name": "dev", "node_id": "test.jaffle_shop.not_null_stg_orders_order_id.81cfe2fe64"} */

    select
      count(*) as failures,
      count(*) != 0 as should_warn,
      count(*) != 0 as should_error
    from (
      
    
  
    
    



select order_id
from "jaffle_shop"."main"."stg_orders"
where order_id is null



  
  
      
    ) dbt_internal_test
[0m07:19:43.718105 [debug] [Thread-14 ]: Using duckdb connection "test.jaffle_shop.unique_stg_customers_customer_id.c7614daada"
[0m07:19:43.718453 [debug] [Thread-11 ]: On test.jaffle_shop.unique_stg_orders_order_id.e3b841c71a: /* {"app": "dbt", "dbt_version": "1.10.22", "profile_name": "jaffle_shop", "target_name": "dev", "node_id": "test.jaffle_shop.unique_stg_orders_order_id.e3b841c71a"} */

    select
      count(*) as failures,
      count(*) != 0 as should_warn,
      count(*) != 0 as should_error
    from (
      
    
  
    
    

select
    order_id as unique_field,
    count(*) as n_records

from "jaffle_shop"."main"."stg_orders"
where order_id is not null
group by order_id
having count(*) > 1



  
  
      
    ) dbt_internal_test
[0m07:19:43.718860 [debug] [Thread-13 ]: Using duckdb connection "test.jaffle_shop.not_null_stg_customers_customer_id.e2cfb1f9aa"
[0m07:19:43.719170 [debug] [Thread-18 ]: Opening a new connection, currently in state init
[0m07:19:43.719474 [debug] [Thread-17 ]: SQL status: OK in 0.003 seconds
[0m07:19:43.719849 [debug] [Thread-9  ]: SQL status: OK in 0.002 seconds
[0m07:19:43.720208 [debug] [Thread-16 ]: SQL status: OK in 0.003 seconds
[0m07:19:43.720578 [debug] [Thread-14 ]: On test.jaffle_shop.unique_stg_customers_customer_id.c7614daada: /* {"app": "dbt", "dbt_version": "1.10.22", "profile_name": "jaffle_shop", "target_name": "dev", "node_id": "test.jaffle_shop.unique_stg_customers_customer_id.c7614daada"} */

    select
      count(*) as failures,
      count(*) != 0 as should_warn,
      count(*) != 0 as should_error
    from (
      
    
  
    
    

select
    customer_id as unique_field,
    count(*) as n_records

from "jaffle_shop"."main"."stg_customers"
where customer_id is not null
group by customer_id
having count(*) > 1



  
  
      
    ) dbt_internal_test
[0m07:19:43.721007 [debug] [Thread-10 ]: SQL status: OK in 0.001 seconds
[0m07:19:43.721333 [debug] [Thread-13 ]: On test.jaffle_shop.not_null_stg_customers_customer_id.e2cfb1f9aa: /* {"app": "dbt", "dbt_version": "1.10.22", "profile_name": "jaffle_shop", "target_name": "dev", "node_id": "test.jaffle_shop.not_null_stg_customers_customer_id.e2cfb1f9aa"} */

    select
      count(*) as failures,
      count(*) != 0 as should_warn,
      count(*) != 0 as should_error
    from (
      
    
  
    
    



select customer_id
from "jaffle_shop"."main"."stg_customers"
where customer_id is null



  
  
      
    ) dbt_internal_test
[0m07:19:43.721738 [debug] [Thread-17 ]: Using duckdb connection "test.jaffle_shop.not_null_stg_payments_payment_id.c19cc50075"
[0m07:19:43.722119 [debug] [Thread-18 ]: SQL status: OK in 0.003 seconds
[0m07:19:43.725125 [debug] [Thread-9  ]: On test.jaffle_shop.accepted_values_stg_orders_status__placed__shipped__completed__return_pending__returned.080fb20aad: ROLLBACK
[0m07:19:43.725488 [debug] [Thread-16 ]: Using duckdb connection "test.jaffle_shop.accepted_values_stg_payments_payment_method__credit_card__coupon__bank_transfer__gift_card.3c3820f278"
[0m07:19:43.725822 [debug] [Thread-11 ]: SQL status: OK in 0.005 seconds
[0m07:19:43.727024 [debug] [Thread-10 ]: On test.jaffle_shop.not_null_stg_orders_order_id.81cfe2fe64: ROLLBACK
[0m07:19:43.727445 [debug] [Thread-17 ]: On test.jaffle_shop.not_null_stg_payments_payment_id.c19cc50075: /* {"app": "dbt", "dbt_version": "1.10.22", "profile_name": "jaffle_shop", "target_name": "dev", "node_id": "test.jaffle_shop.not_null_stg_payments_payment_id.c19cc50075"} */

    select
      count(*) as failures,
      count(*) != 0 as should_warn,
      count(*) != 0 as should_error
    from (
      
    
  
    
    



select payment_id
from "jaffle_shop"."main"."stg_payments"
where payment_id is null



  
  
      
    ) dbt_internal_test
[0m07:19:43.727801 [debug] [Thread-18 ]: Using duckdb connection "test.jaffle_shop.unique_stg_payments_payment_id.3744510712"
[0m07:19:43.728123 [debug] [Thread-14 ]: SQL status: OK in 0.002 seconds
[0m07:19:43.728452 [debug] [Thread-13 ]: SQL status: OK in 0.001 seconds
[0m07:19:43.728886 [debug] [Thread-16 ]: On test.jaffle_shop.accepted_values_stg_payments_payment_method__credit_card__coupon__bank_transfer__gift_card.3c3820f278: /* {"app": "dbt", "dbt_version": "1.10.22", "profile_name": "jaffle_shop", "target_name": "dev", "node_id": "test.jaffle_shop.accepted_values_stg_payments_payment_method__credit_card__coupon__bank_transfer__gift_card.3c3820f278"} */

    select
      count(*) as failures,
      count(*) != 0 as should_warn,
      count(*) != 0 as should_error
    from (
      
    
  
    
    

with all_values as (

    select
        payment_method as value_field,
        count(*) as n_records

    from "jaffle_shop"."main"."stg_payments"
    group by payment_method

)

select *
from all_values
where value_field not in (
    'credit_card','coupon','bank_transfer','gift_card'
)



  
  
      
    ) dbt_internal_test
[0m07:19:43.729281 [debug] [Thread-9  ]: Failed to rollback 'test.jaffle_shop.accepted_values_stg_orders_status__placed__shipped__completed__return_pending__returned.080fb20aad'
[0m07:19:43.730418 [debug] [Thread-11 ]: On test.jaffle_shop.unique_stg_orders_order_id.e3b841c71a: ROLLBACK
[0m07:19:43.730796 [debug] [Thread-10 ]: Failed to rollback 'test.jaffle_shop.not_null_stg_orders_order_id.81cfe2fe64'
[0m07:19:43.731200 [debug] [Thread-18 ]: On test.jaffle_shop.unique_stg_payments_payment_id.3744510712: /* {"app": "dbt", "dbt_version": "1.10.22", "profile_name": "jaffle_shop", "target_name": "dev", "node_id": "test.jaffle_shop.unique_stg_payments_payment_id.3744510712"} */

    select
      count(*) as failures,
      count(*) != 0 as should_warn,
      count(*) != 0 as should_error
    from (
      
    
  
    
    

select
    payment_id as unique_field,
    count(*) as n_records

from "jaffle_shop"."main"."stg_payments"
where payment_id is not null
group by payment_id
having count(*) > 1



  
  
      
    ) dbt_internal_test
[0m07:19:43.731588 [debug] [Thread-17 ]: SQL status: OK in 0.000 seconds
[0m07:19:43.732745 [debug] [Thread-13 ]: On test.jaffle_shop.not_null_stg_customers_customer_id.e2cfb1f9aa: ROLLBACK
[0m07:19:43.733822 [debug] [Thread-14 ]: On test.jaffle_shop.unique_stg_customers_customer_id.c7614daada: ROLLBACK
[0m07:19:43.734151 [debug] [Thread-9  ]: On test.jaffle_shop.accepted_values_stg_orders_status__placed__shipped__completed__return_pending__returned.080fb20aad: Close
[0m07:19:43.734481 [debug] [Thread-16 ]: SQL status: OK in 0.001 seconds
[0m07:19:43.734864 [debug] [Thread-11 ]: Failed to rollback 'test.jaffle_shop.unique_stg_orders_order_id.e3b841c71a'
[0m07:19:43.735164 [debug] [Thread-10 ]: On test.jaffle_shop.not_null_stg_orders_order_id.81cfe2fe64: Close
[0m07:19:43.735651 [debug] [Thread-13 ]: Failed to rollback 'test.jaffle_shop.not_null_stg_customers_customer_id.e2cfb1f9aa'
[0m07:19:43.736670 [debug] [Thread-17 ]: On test.jaffle_shop.not_null_stg_payments_payment_id.c19cc50075: ROLLBACK
[0m07:19:43.737041 [debug] [Thread-14 ]: Failed to rollback 'test.jaffle_shop.unique_stg_customers_customer_id.c7614daada'
[0m07:19:43.737386 [debug] [Thread-18 ]: SQL status: OK in 0.002 seconds
[0m07:19:43.738212 [debug] [Thread-11 ]: On test.jaffle_shop.unique_stg_orders_order_id.e3b841c71a: Close
[0m07:19:43.739203 [debug] [Thread-16 ]: On test.jaffle_shop.accepted_values_stg_payments_payment_method__credit_card__coupon__bank_transfer__gift_card.3c3820f278: ROLLBACK
[0m07:19:43.737939 [info ] [Thread-9  ]: 7 of 28 PASS accepted_values_stg_orders_status__placed__shipped__completed__return_pending__returned  [[32mPASS[0m in 0.12s]
[0m07:19:43.739643 [debug] [Thread-13 ]: On test.jaffle_shop.not_null_stg_customers_customer_id.e2cfb1f9aa: Close
[0m07:19:43.740085 [info ] [Thread-10 ]: 8 of 28 PASS not_null_stg_orders_order_id ...................................... [[32mPASS[0m in 0.13s]
[0m07:19:43.740470 [debug] [Thread-17 ]: Failed to rollback 'test.jaffle_shop.not_null_stg_payments_payment_id.c19cc50075'
[0m07:19:43.740779 [debug] [Thread-14 ]: On test.jaffle_shop.unique_stg_customers_customer_id.c7614daada: Close
[0m07:19:43.741285 [info ] [Thread-11 ]: 9 of 28 PASS unique_stg_orders_order_id ........................................ [[32mPASS[0m in 0.13s]
[0m07:19:43.742397 [debug] [Thread-18 ]: On test.jaffle_shop.unique_stg_payments_payment_id.3744510712: ROLLBACK
[0m07:19:43.742758 [debug] [Thread-16 ]: Failed to rollback 'test.jaffle_shop.accepted_values_stg_payments_payment_method__credit_card__coupon__bank_transfer__gift_card.3c3820f278'
[0m07:19:43.743212 [debug] [Thread-9  ]: Finished running node test.jaffle_shop.accepted_values_stg_orders_status__placed__shipped__completed__return_pending__returned.080fb20aad
[0m07:19:43.743682 [debug] [Thread-10 ]: Finished running node test.jaffle_shop.not_null_stg_orders_order_id.81cfe2fe64
[0m07:19:43.744102 [info ] [Thread-13 ]: 10 of 28 PASS not_null_stg_customers_customer_id ............................... [[32mPASS[0m in 0.10s]
[0m07:19:43.744437 [debug] [Thread-17 ]: On test.jaffle_shop.not_null_stg_payments_payment_id.c19cc50075: Close
[0m07:19:43.744895 [debug] [Thread-11 ]: Finished running node test.jaffle_shop.unique_stg_orders_order_id.e3b841c71a
[0m07:19:43.745314 [info ] [Thread-14 ]: 11 of 28 PASS unique_stg_customers_customer_id ................................. [[32mPASS[0m in 0.10s]
[0m07:19:43.745692 [debug] [Thread-18 ]: Failed to rollback 'test.jaffle_shop.unique_stg_payments_payment_id.3744510712'
[0m07:19:43.746009 [debug] [Thread-16 ]: On test.jaffle_shop.accepted_values_stg_payments_payment_method__credit_card__coupon__bank_transfer__gift_card.3c3820f278: Close
[0m07:19:43.746613 [debug] [Thread-13 ]: Finished running node test.jaffle_shop.not_null_stg_customers_customer_id.e2cfb1f9aa
[0m07:19:43.747133 [info ] [Thread-17 ]: 13 of 28 PASS not_null_stg_payments_payment_id ................................. [[32mPASS[0m in 0.10s]
[0m07:19:43.747580 [debug] [Thread-14 ]: Finished running node test.jaffle_shop.unique_stg_customers_customer_id.c7614daada
[0m07:19:43.747887 [debug] [Thread-18 ]: On test.jaffle_shop.unique_stg_payments_payment_id.3744510712: Close
[0m07:19:43.748403 [info ] [Thread-16 ]: 12 of 28 PASS accepted_values_stg_payments_payment_method__credit_card__coupon__bank_transfer__gift_card  [[32mPASS[0m in 0.10s]
[0m07:19:43.748848 [debug] [Thread-17 ]: Finished running node test.jaffle_shop.not_null_stg_payments_payment_id.c19cc50075
[0m07:19:43.749343 [info ] [Thread-18 ]: 14 of 28 PASS unique_stg_payments_payment_id ................................... [[32mPASS[0m in 0.10s]
[0m07:19:43.749794 [debug] [Thread-16 ]: Finished running node test.jaffle_shop.accepted_values_stg_payments_payment_method__credit_card__coupon__bank_transfer__gift_card.3c3820f278
[0m07:19:43.750274 [debug] [Thread-18 ]: Finished running node test.jaffle_shop.unique_stg_payments_payment_id.3744510712
[0m07:19:43.750885 [debug] [Thread-20 ]: Began running node model.jaffle_shop.customers
[0m07:19:43.751284 [debug] [Thread-21 ]: Began running node model.jaffle_shop.orders
[0m07:19:43.751720 [info ] [Thread-20 ]: 15 of 28 START sql table model main.customers .................................. [RUN]
[0m07:19:43.752136 [info ] [Thread-21 ]: 16 of 28 START sql table model main.orders ..................................... [RUN]
[0m07:19:43.752564 [debug] [Thread-20 ]: Acquiring new duckdb connection 'model.jaffle_shop.customers'
[0m07:19:43.752949 [debug] [Thread-21 ]: Acquiring new duckdb connection 'model.jaffle_shop.orders'
[0m07:19:43.753269 [debug] [Thread-20 ]: Began compiling node model.jaffle_shop.customers
[0m07:19:43.753583 [debug] [Thread-21 ]: Began compiling node model.jaffle_shop.orders
[0m07:19:43.756962 [debug] [Thread-20 ]: Writing injected SQL for node "model.jaffle_shop.customers"
[0m07:19:43.761805 [debug] [Thread-21 ]: Writing injected SQL for node "model.jaffle_shop.orders"
[0m07:19:43.763278 [debug] [Thread-21 ]: Began executing node model.jaffle_shop.orders
[0m07:19:43.763616 [debug] [Thread-20 ]: Began executing node model.jaffle_shop.customers
[0m07:19:43.784938 [debug] [Thread-20 ]: Writing runtime sql for node "model.jaffle_shop.customers"
[0m07:19:43.785270 [debug] [Thread-21 ]: Writing runtime sql for node "model.jaffle_shop.orders"
[0m07:19:43.786714 [debug] [Thread-21 ]: Using duckdb connection "model.jaffle_shop.orders"
[0m07:19:43.787044 [debug] [Thread-21 ]: On model.jaffle_shop.orders: BEGIN
[0m07:19:43.787345 [debug] [Thread-21 ]: Opening a new connection, currently in state init
[0m07:19:43.787882 [debug] [Thread-20 ]: Using duckdb connection "model.jaffle_shop.customers"
[0m07:19:43.788201 [debug] [Thread-20 ]: On model.jaffle_shop.customers: BEGIN
[0m07:19:43.788505 [debug] [Thread-21 ]: SQL status: OK in 0.001 seconds
[0m07:19:43.788808 [debug] [Thread-20 ]: Opening a new connection, currently in state init
[0m07:19:43.789116 [debug] [Thread-21 ]: Using duckdb connection "model.jaffle_shop.orders"
[0m07:19:43.789567 [debug] [Thread-21 ]: On model.jaffle_shop.orders: /* {"app": "dbt", "dbt_version": "1.10.22", "profile_name": "jaffle_shop", "target_name": "dev", "node_id": "model.jaffle_shop.orders"} */

  
    
    

    create  table
      "jaffle_shop"."main"."orders__dbt_tmp"
  
    as (
      

with orders as (

    select * from "jaffle_shop"."main"."stg_orders"

),

payments as (

    select * from "jaffle_shop"."main"."stg_payments"

),

order_payments as (

    select
        order_id,

        sum(case when payment_method = 'credit_card' then amount else 0 end) as credit_card_amount,
        sum(case when payment_method = 'coupon' then amount else 0 end) as coupon_amount,
        sum(case when payment_method = 'bank_transfer' then amount else 0 end) as bank_transfer_amount,
        sum(case when payment_method = 'gift_card' then amount else 0 end) as gift_card_amount,
        sum(amount) as total_amount

    from payments

    group by order_id

),

final as (

    select
        orders.order_id,
        orders.customer_id,
        orders.order_date,
        orders.status,

        order_payments.credit_card_amount,

        order_payments.coupon_amount,

        order_payments.bank_transfer_amount,

        order_payments.gift_card_amount,

        order_payments.total_amount as amount

    from orders


    left join order_payments
        on orders.order_id = order_payments.order_id

)

select * from final
    );
  
  
[0m07:19:43.790111 [debug] [Thread-20 ]: SQL status: OK in 0.001 seconds
[0m07:19:43.790415 [debug] [Thread-20 ]: Using duckdb connection "model.jaffle_shop.customers"
[0m07:19:43.790787 [debug] [Thread-20 ]: On model.jaffle_shop.customers: /* {"app": "dbt", "dbt_version": "1.10.22", "profile_name": "jaffle_shop", "target_name": "dev", "node_id": "model.jaffle_shop.customers"} */

  
    
    

    create  table
      "jaffle_shop"."main"."customers__dbt_tmp"
  
    as (
      with customers as (

    select * from "jaffle_shop"."main"."stg_customers"

),

orders as (

    select * from "jaffle_shop"."main"."stg_orders"

),

payments as (

    select * from "jaffle_shop"."main"."stg_payments"

),

customer_orders as (

        select
        customer_id,

        min(order_date) as first_order,
        max(order_date) as most_recent_order,
        count(order_id) as number_of_orders
    from orders

    group by customer_id

),

customer_payments as (

    select
        orders.customer_id,
        sum(amount) as total_amount

    from payments

    left join orders on
         payments.order_id = orders.order_id

    group by orders.customer_id

),

final as (

    select
        customers.customer_id,
        customers.first_name,
        customers.last_name,
        customer_orders.first_order,
        customer_orders.most_recent_order,
        customer_orders.number_of_orders,
        customer_payments.total_amount as customer_lifetime_value

    from customers

    left join customer_orders
        on customers.customer_id = customer_orders.customer_id

    left join customer_payments
        on  customers.customer_id = customer_payments.customer_id

)

select * from final
    );
  
  
[0m07:19:43.794880 [debug] [Thread-21 ]: SQL status: OK in 0.005 seconds
[0m07:19:43.799781 [debug] [Thread-21 ]: Using duckdb connection "model.jaffle_shop.orders"
[0m07:19:43.800124 [debug] [Thread-21 ]: On model.jaffle_shop.orders: /* {"app": "dbt", "dbt_version": "1.10.22", "profile_name": "jaffle_shop", "target_name": "dev", "node_id": "model.jaffle_shop.orders"} */

    SELECT index_name
    FROM duckdb_indexes()
    WHERE schema_name = 'main'
      AND table_name = 'orders'
  
[0m07:19:43.800441 [debug] [Thread-20 ]: SQL status: OK in 0.009 seconds
[0m07:19:43.801323 [debug] [Thread-20 ]: Using duckdb connection "model.jaffle_shop.customers"
[0m07:19:43.801649 [debug] [Thread-20 ]: On model.jaffle_shop.customers: /* {"app": "dbt", "dbt_version": "1.10.22", "profile_name": "jaffle_shop", "target_name": "dev", "node_id": "model.jaffle_shop.customers"} */

    SELECT index_name
    FROM duckdb_indexes()
    WHERE schema_name = 'main'
      AND table_name = 'customers'
  
[0m07:19:43.801978 [debug] [Thread-21 ]: SQL status: OK in 0.001 seconds
[0m07:19:43.803044 [debug] [Thread-21 ]: Using duckdb connection "model.jaffle_shop.orders"
[0m07:19:43.803370 [debug] [Thread-21 ]: On model.jaffle_shop.orders: /* {"app": "dbt", "dbt_version": "1.10.22", "profile_name": "jaffle_shop", "target_name": "dev", "node_id": "model.jaffle_shop.orders"} */

    SELECT COUNT(*) as remaining_indexes
    FROM duckdb_indexes()
    WHERE schema_name = 'main'
      AND table_name = 'orders'
  
[0m07:19:43.803691 [debug] [Thread-20 ]: SQL status: OK in 0.001 seconds
[0m07:19:43.804680 [debug] [Thread-20 ]: Using duckdb connection "model.jaffle_shop.customers"
[0m07:19:43.804998 [debug] [Thread-20 ]: On model.jaffle_shop.customers: /* {"app": "dbt", "dbt_version": "1.10.22", "profile_name": "jaffle_shop", "target_name": "dev", "node_id": "model.jaffle_shop.customers"} */

    SELECT COUNT(*) as remaining_indexes
    FROM duckdb_indexes()
    WHERE schema_name = 'main'
      AND table_name = 'customers'
  
[0m07:19:43.805309 [debug] [Thread-21 ]: SQL status: OK in 0.001 seconds
[0m07:19:43.808360 [debug] [Thread-21 ]: Using duckdb connection "model.jaffle_shop.orders"
[0m07:19:43.808695 [debug] [Thread-21 ]: On model.jaffle_shop.orders: /* {"app": "dbt", "dbt_version": "1.10.22", "profile_name": "jaffle_shop", "target_name": "dev", "node_id": "model.jaffle_shop.orders"} */
alter table "jaffle_shop"."main"."orders" rename to "orders__dbt_backup"
[0m07:19:43.809065 [debug] [Thread-20 ]: SQL status: OK in 0.003 seconds
[0m07:19:43.809408 [debug] [Thread-21 ]: SQL status: OK in 0.000 seconds
[0m07:19:43.812347 [debug] [Thread-20 ]: Using duckdb connection "model.jaffle_shop.customers"
[0m07:19:43.815002 [debug] [Thread-21 ]: Using duckdb connection "model.jaffle_shop.orders"
[0m07:19:43.815351 [debug] [Thread-20 ]: On model.jaffle_shop.customers: /* {"app": "dbt", "dbt_version": "1.10.22", "profile_name": "jaffle_shop", "target_name": "dev", "node_id": "model.jaffle_shop.customers"} */
alter table "jaffle_shop"."main"."customers" rename to "customers__dbt_backup"
[0m07:19:43.815680 [debug] [Thread-21 ]: On model.jaffle_shop.orders: /* {"app": "dbt", "dbt_version": "1.10.22", "profile_name": "jaffle_shop", "target_name": "dev", "node_id": "model.jaffle_shop.orders"} */
alter table "jaffle_shop"."main"."orders__dbt_tmp" rename to "orders"
[0m07:19:43.816165 [debug] [Thread-20 ]: SQL status: OK in 0.000 seconds
[0m07:19:43.819680 [debug] [Thread-20 ]: Using duckdb connection "model.jaffle_shop.customers"
[0m07:19:43.819996 [debug] [Thread-21 ]: SQL status: OK in 0.004 seconds
[0m07:19:43.820296 [debug] [Thread-20 ]: On model.jaffle_shop.customers: /* {"app": "dbt", "dbt_version": "1.10.22", "profile_name": "jaffle_shop", "target_name": "dev", "node_id": "model.jaffle_shop.customers"} */
alter table "jaffle_shop"."main"."customers__dbt_tmp" rename to "customers"
[0m07:19:43.865031 [debug] [Thread-21 ]: On model.jaffle_shop.orders: COMMIT
[0m07:19:43.865570 [debug] [Thread-21 ]: Using duckdb connection "model.jaffle_shop.orders"
[0m07:19:43.865921 [debug] [Thread-21 ]: On model.jaffle_shop.orders: COMMIT
[0m07:19:43.866240 [debug] [Thread-20 ]: SQL status: OK in 0.001 seconds
[0m07:19:43.867925 [debug] [Thread-20 ]: On model.jaffle_shop.customers: COMMIT
[0m07:19:43.868245 [debug] [Thread-20 ]: Using duckdb connection "model.jaffle_shop.customers"
[0m07:19:43.868550 [debug] [Thread-21 ]: SQL status: OK in 0.002 seconds
[0m07:19:43.868848 [debug] [Thread-20 ]: On model.jaffle_shop.customers: COMMIT
[0m07:19:43.871281 [debug] [Thread-21 ]: Using duckdb connection "model.jaffle_shop.orders"
[0m07:19:43.871664 [debug] [Thread-21 ]: On model.jaffle_shop.orders: /* {"app": "dbt", "dbt_version": "1.10.22", "profile_name": "jaffle_shop", "target_name": "dev", "node_id": "model.jaffle_shop.orders"} */

      drop table if exists "jaffle_shop"."main"."orders__dbt_backup" cascade
    
[0m07:19:43.872052 [debug] [Thread-20 ]: SQL status: OK in 0.000 seconds
[0m07:19:43.874350 [debug] [Thread-20 ]: Using duckdb connection "model.jaffle_shop.customers"
[0m07:19:43.874680 [debug] [Thread-20 ]: On model.jaffle_shop.customers: /* {"app": "dbt", "dbt_version": "1.10.22", "profile_name": "jaffle_shop", "target_name": "dev", "node_id": "model.jaffle_shop.customers"} */

      drop table if exists "jaffle_shop"."main"."customers__dbt_backup" cascade
    
[0m07:19:43.875056 [debug] [Thread-21 ]: SQL status: OK in 0.003 seconds
[0m07:19:43.876146 [debug] [Thread-21 ]: On model.jaffle_shop.orders: Close
[0m07:19:43.876470 [debug] [Thread-20 ]: SQL status: OK in 0.001 seconds
[0m07:19:43.877005 [debug] [Thread-21 ]: Sending event: {'category': 'dbt', 'action': 'run_model', 'label': '3a309bb8-06f6-4f5e-adbc-49533340a645', 'context': [<snowplow_tracker.self_describing_json.SelfDescribingJson object at 0x1099a61c0>]}
[0m07:19:43.877987 [debug] [Thread-20 ]: On model.jaffle_shop.customers: Close
[0m07:19:43.878577 [info ] [Thread-21 ]: 16 of 28 OK created sql table model main.orders ................................ [[32mOK[0m in 0.12s]
[0m07:19:43.879056 [debug] [Thread-20 ]: Sending event: {'category': 'dbt', 'action': 'run_model', 'label': '3a309bb8-06f6-4f5e-adbc-49533340a645', 'context': [<snowplow_tracker.self_describing_json.SelfDescribingJson object at 0x1099d2ca0>]}
[0m07:19:43.879516 [debug] [Thread-21 ]: Finished running node model.jaffle_shop.orders
[0m07:19:43.880148 [info ] [Thread-20 ]: 15 of 28 OK created sql table model main.customers ............................. [[32mOK[0m in 0.13s]
[0m07:19:43.880757 [debug] [Thread-20 ]: Finished running node model.jaffle_shop.customers
[0m07:19:43.881093 [debug] [Thread-23 ]: Began running node test.jaffle_shop.accepted_values_orders_status__placed__shipped__completed__return_pending__returned.be6b5b5ec3
[0m07:19:43.881429 [debug] [Thread-20 ]: Began running node test.jaffle_shop.not_null_orders_amount.106140f9fd
[0m07:19:43.881756 [debug] [Thread-24 ]: Began running node test.jaffle_shop.not_null_orders_bank_transfer_amount.7743500c49
[0m07:19:43.882129 [debug] [Thread-4  ]: Began running node test.jaffle_shop.not_null_orders_coupon_amount.ab90c90625
[0m07:19:43.882459 [info ] [Thread-23 ]: 17 of 28 START test accepted_values_orders_status__placed__shipped__completed__return_pending__returned  [RUN]
[0m07:19:43.882801 [debug] [Thread-3  ]: Began running node test.jaffle_shop.not_null_orders_credit_card_amount.d3ca593b59
[0m07:19:43.883184 [debug] [Thread-5  ]: Began running node test.jaffle_shop.not_null_orders_customer_id.c5f02694af
[0m07:19:43.883489 [info ] [Thread-20 ]: 18 of 28 START test not_null_orders_amount ..................................... [RUN]
[0m07:19:43.883814 [debug] [Thread-2  ]: Began running node test.jaffle_shop.not_null_orders_gift_card_amount.413a0d2d7a
[0m07:19:43.884148 [info ] [Thread-24 ]: 19 of 28 START test not_null_orders_bank_transfer_amount ....................... [RUN]
[0m07:19:43.884485 [debug] [Thread-8  ]: Began running node test.jaffle_shop.not_null_orders_order_id.cf6c17daed
[0m07:19:43.884808 [debug] [Thread-7  ]: Began running node test.jaffle_shop.unique_orders_order_id.fed79b3a6e
[0m07:19:43.885113 [info ] [Thread-4  ]: 20 of 28 START test not_null_orders_coupon_amount .............................. [RUN]
[0m07:19:43.885456 [debug] [Thread-12 ]: Began running node test.jaffle_shop.not_null_customers_customer_id.5c9bf9911d
[0m07:19:43.885869 [debug] [Thread-23 ]: Acquiring new duckdb connection 'test.jaffle_shop.accepted_values_orders_status__placed__shipped__completed__return_pending__returned.be6b5b5ec3'
[0m07:19:43.886185 [debug] [Thread-6  ]: Began running node test.jaffle_shop.relationships_orders_customer_id__customer_id__ref_customers_.c6ec7f58f2
[0m07:19:43.886503 [debug] [Thread-15 ]: Began running node test.jaffle_shop.unique_customers_customer_id.c5af1ff4b1
[0m07:19:43.886812 [info ] [Thread-3  ]: 21 of 28 START test not_null_orders_credit_card_amount ......................... [RUN]
[0m07:19:43.887151 [info ] [Thread-5  ]: 22 of 28 START test not_null_orders_customer_id ................................ [RUN]
[0m07:19:43.887512 [debug] [Thread-20 ]: Re-using an available connection from the pool (formerly model.jaffle_shop.customers, now test.jaffle_shop.not_null_orders_amount.106140f9fd)
[0m07:19:43.887846 [info ] [Thread-2  ]: 23 of 28 START test not_null_orders_gift_card_amount ........................... [RUN]
[0m07:19:43.888260 [debug] [Thread-24 ]: Acquiring new duckdb connection 'test.jaffle_shop.not_null_orders_bank_transfer_amount.7743500c49'
[0m07:19:43.888582 [info ] [Thread-8  ]: 24 of 28 START test not_null_orders_order_id ................................... [RUN]
[0m07:19:43.888918 [info ] [Thread-7  ]: 25 of 28 START test unique_orders_order_id ..................................... [RUN]
[0m07:19:43.889324 [debug] [Thread-4  ]: Acquiring new duckdb connection 'test.jaffle_shop.not_null_orders_coupon_amount.ab90c90625'
[0m07:19:43.889647 [info ] [Thread-12 ]: 26 of 28 START test not_null_customers_customer_id ............................. [RUN]
[0m07:19:43.889989 [debug] [Thread-23 ]: Began compiling node test.jaffle_shop.accepted_values_orders_status__placed__shipped__completed__return_pending__returned.be6b5b5ec3
[0m07:19:43.890329 [info ] [Thread-6  ]: 27 of 28 START test relationships_orders_customer_id__customer_id__ref_customers_  [RUN]
[0m07:19:43.890672 [info ] [Thread-15 ]: 28 of 28 START test unique_customers_customer_id ............................... [RUN]
[0m07:19:43.891025 [debug] [Thread-3  ]: Re-using an available connection from the pool (formerly seed.jaffle_shop.raw_payments, now test.jaffle_shop.not_null_orders_credit_card_amount.d3ca593b59)
[0m07:19:43.891485 [debug] [Thread-5  ]: Acquiring new duckdb connection 'test.jaffle_shop.not_null_orders_customer_id.c5f02694af'
[0m07:19:43.891799 [debug] [Thread-20 ]: Began compiling node test.jaffle_shop.not_null_orders_amount.106140f9fd
[0m07:19:43.892122 [debug] [Thread-2  ]: Re-using an available connection from the pool (formerly seed.jaffle_shop.raw_orders, now test.jaffle_shop.not_null_orders_gift_card_amount.413a0d2d7a)
[0m07:19:43.892451 [debug] [Thread-24 ]: Began compiling node test.jaffle_shop.not_null_orders_bank_transfer_amount.7743500c49
[0m07:19:43.892825 [debug] [Thread-8  ]: Acquiring new duckdb connection 'test.jaffle_shop.not_null_orders_order_id.cf6c17daed'
[0m07:19:43.893149 [debug] [Thread-7  ]: Re-using an available connection from the pool (formerly model.jaffle_shop.stg_orders, now test.jaffle_shop.unique_orders_order_id.fed79b3a6e)
[0m07:19:43.893463 [debug] [Thread-4  ]: Began compiling node test.jaffle_shop.not_null_orders_coupon_amount.ab90c90625
[0m07:19:43.893835 [debug] [Thread-12 ]: Acquiring new duckdb connection 'test.jaffle_shop.not_null_customers_customer_id.5c9bf9911d'
[0m07:19:43.897952 [debug] [Thread-23 ]: Writing injected SQL for node "test.jaffle_shop.accepted_values_orders_status__placed__shipped__completed__return_pending__returned.be6b5b5ec3"
[0m07:19:43.898318 [debug] [Thread-6  ]: Re-using an available connection from the pool (formerly model.jaffle_shop.stg_customers, now test.jaffle_shop.relationships_orders_customer_id__customer_id__ref_customers_.c6ec7f58f2)
[0m07:19:43.898708 [debug] [Thread-15 ]: Acquiring new duckdb connection 'test.jaffle_shop.unique_customers_customer_id.c5af1ff4b1'
[0m07:19:43.899020 [debug] [Thread-3  ]: Began compiling node test.jaffle_shop.not_null_orders_credit_card_amount.d3ca593b59
[0m07:19:43.899325 [debug] [Thread-5  ]: Began compiling node test.jaffle_shop.not_null_orders_customer_id.c5f02694af
[0m07:19:43.902793 [debug] [Thread-20 ]: Writing injected SQL for node "test.jaffle_shop.not_null_orders_amount.106140f9fd"
[0m07:19:43.903118 [debug] [Thread-2  ]: Began compiling node test.jaffle_shop.not_null_orders_gift_card_amount.413a0d2d7a
[0m07:19:43.906411 [debug] [Thread-24 ]: Writing injected SQL for node "test.jaffle_shop.not_null_orders_bank_transfer_amount.7743500c49"
[0m07:19:43.906732 [debug] [Thread-8  ]: Began compiling node test.jaffle_shop.not_null_orders_order_id.cf6c17daed
[0m07:19:43.907033 [debug] [Thread-7  ]: Began compiling node test.jaffle_shop.unique_orders_order_id.fed79b3a6e
[0m07:19:43.911647 [debug] [Thread-4  ]: Writing injected SQL for node "test.jaffle_shop.not_null_orders_coupon_amount.ab90c90625"
[0m07:19:43.912067 [debug] [Thread-12 ]: Began compiling node test.jaffle_shop.not_null_customers_customer_id.5c9bf9911d
[0m07:19:43.912465 [debug] [Thread-6  ]: Began compiling node test.jaffle_shop.relationships_orders_customer_id__customer_id__ref_customers_.c6ec7f58f2
[0m07:19:43.912796 [debug] [Thread-15 ]: Began compiling node test.jaffle_shop.unique_customers_customer_id.c5af1ff4b1
[0m07:19:43.916474 [debug] [Thread-3  ]: Writing injected SQL for node "test.jaffle_shop.not_null_orders_credit_card_amount.d3ca593b59"
[0m07:19:43.919942 [debug] [Thread-5  ]: Writing injected SQL for node "test.jaffle_shop.not_null_orders_customer_id.c5f02694af"
[0m07:19:43.923592 [debug] [Thread-2  ]: Writing injected SQL for node "test.jaffle_shop.not_null_orders_gift_card_amount.413a0d2d7a"
[0m07:19:43.923947 [debug] [Thread-23 ]: Began executing node test.jaffle_shop.accepted_values_orders_status__placed__shipped__completed__return_pending__returned.be6b5b5ec3
[0m07:19:43.927497 [debug] [Thread-8  ]: Writing injected SQL for node "test.jaffle_shop.not_null_orders_order_id.cf6c17daed"
[0m07:19:43.927852 [debug] [Thread-20 ]: Began executing node test.jaffle_shop.not_null_orders_amount.106140f9fd
[0m07:19:43.931200 [debug] [Thread-7  ]: Writing injected SQL for node "test.jaffle_shop.unique_orders_order_id.fed79b3a6e"
[0m07:19:43.935022 [debug] [Thread-12 ]: Writing injected SQL for node "test.jaffle_shop.not_null_customers_customer_id.5c9bf9911d"
[0m07:19:43.935366 [debug] [Thread-24 ]: Began executing node test.jaffle_shop.not_null_orders_bank_transfer_amount.7743500c49
[0m07:19:43.943338 [debug] [Thread-6  ]: Writing injected SQL for node "test.jaffle_shop.relationships_orders_customer_id__customer_id__ref_customers_.c6ec7f58f2"
[0m07:19:43.946761 [debug] [Thread-15 ]: Writing injected SQL for node "test.jaffle_shop.unique_customers_customer_id.c5af1ff4b1"
[0m07:19:43.947190 [debug] [Thread-4  ]: Began executing node test.jaffle_shop.not_null_orders_coupon_amount.ab90c90625
[0m07:19:43.949631 [debug] [Thread-23 ]: Writing runtime sql for node "test.jaffle_shop.accepted_values_orders_status__placed__shipped__completed__return_pending__returned.be6b5b5ec3"
[0m07:19:43.952118 [debug] [Thread-20 ]: Writing runtime sql for node "test.jaffle_shop.not_null_orders_amount.106140f9fd"
[0m07:19:43.952504 [debug] [Thread-5  ]: Began executing node test.jaffle_shop.not_null_orders_customer_id.c5f02694af
[0m07:19:43.952991 [debug] [Thread-2  ]: Began executing node test.jaffle_shop.not_null_orders_gift_card_amount.413a0d2d7a
[0m07:19:43.953299 [debug] [Thread-8  ]: Began executing node test.jaffle_shop.not_null_orders_order_id.cf6c17daed
[0m07:19:43.955607 [debug] [Thread-24 ]: Writing runtime sql for node "test.jaffle_shop.not_null_orders_bank_transfer_amount.7743500c49"
[0m07:19:43.955979 [debug] [Thread-3  ]: Began executing node test.jaffle_shop.not_null_orders_credit_card_amount.d3ca593b59
[0m07:19:43.956409 [debug] [Thread-7  ]: Began executing node test.jaffle_shop.unique_orders_order_id.fed79b3a6e
[0m07:19:43.958925 [debug] [Thread-4  ]: Writing runtime sql for node "test.jaffle_shop.not_null_orders_coupon_amount.ab90c90625"
[0m07:19:43.959288 [debug] [Thread-12 ]: Began executing node test.jaffle_shop.not_null_customers_customer_id.5c9bf9911d
[0m07:19:43.959680 [debug] [Thread-6  ]: Began executing node test.jaffle_shop.relationships_orders_customer_id__customer_id__ref_customers_.c6ec7f58f2
[0m07:19:43.960022 [debug] [Thread-15 ]: Began executing node test.jaffle_shop.unique_customers_customer_id.c5af1ff4b1
[0m07:19:43.963247 [debug] [Thread-5  ]: Writing runtime sql for node "test.jaffle_shop.not_null_orders_customer_id.c5f02694af"
[0m07:19:43.965576 [debug] [Thread-2  ]: Writing runtime sql for node "test.jaffle_shop.not_null_orders_gift_card_amount.413a0d2d7a"
[0m07:19:43.967964 [debug] [Thread-8  ]: Writing runtime sql for node "test.jaffle_shop.not_null_orders_order_id.cf6c17daed"
[0m07:19:43.968380 [debug] [Thread-23 ]: Using duckdb connection "test.jaffle_shop.accepted_values_orders_status__placed__shipped__completed__return_pending__returned.be6b5b5ec3"
[0m07:19:43.968725 [debug] [Thread-20 ]: Using duckdb connection "test.jaffle_shop.not_null_orders_amount.106140f9fd"
[0m07:19:43.971089 [debug] [Thread-3  ]: Writing runtime sql for node "test.jaffle_shop.not_null_orders_credit_card_amount.d3ca593b59"
[0m07:19:43.973395 [debug] [Thread-7  ]: Writing runtime sql for node "test.jaffle_shop.unique_orders_order_id.fed79b3a6e"
[0m07:19:43.975875 [debug] [Thread-12 ]: Writing runtime sql for node "test.jaffle_shop.not_null_customers_customer_id.5c9bf9911d"
[0m07:19:43.976228 [debug] [Thread-24 ]: Using duckdb connection "test.jaffle_shop.not_null_orders_bank_transfer_amount.7743500c49"
[0m07:19:43.978603 [debug] [Thread-6  ]: Writing runtime sql for node "test.jaffle_shop.relationships_orders_customer_id__customer_id__ref_customers_.c6ec7f58f2"
[0m07:19:43.981610 [debug] [Thread-15 ]: Writing runtime sql for node "test.jaffle_shop.unique_customers_customer_id.c5af1ff4b1"
[0m07:19:43.981970 [debug] [Thread-4  ]: Using duckdb connection "test.jaffle_shop.not_null_orders_coupon_amount.ab90c90625"
[0m07:19:43.982495 [debug] [Thread-23 ]: On test.jaffle_shop.accepted_values_orders_status__placed__shipped__completed__return_pending__returned.be6b5b5ec3: BEGIN
[0m07:19:43.982838 [debug] [Thread-20 ]: On test.jaffle_shop.not_null_orders_amount.106140f9fd: BEGIN
[0m07:19:43.983459 [debug] [Thread-8  ]: Using duckdb connection "test.jaffle_shop.not_null_orders_order_id.cf6c17daed"
[0m07:19:43.983813 [debug] [Thread-5  ]: Using duckdb connection "test.jaffle_shop.not_null_orders_customer_id.c5f02694af"
[0m07:19:43.984147 [debug] [Thread-2  ]: Using duckdb connection "test.jaffle_shop.not_null_orders_gift_card_amount.413a0d2d7a"
[0m07:19:43.984477 [debug] [Thread-24 ]: On test.jaffle_shop.not_null_orders_bank_transfer_amount.7743500c49: BEGIN
[0m07:19:43.984933 [debug] [Thread-12 ]: Using duckdb connection "test.jaffle_shop.not_null_customers_customer_id.5c9bf9911d"
[0m07:19:43.985336 [debug] [Thread-7  ]: Using duckdb connection "test.jaffle_shop.unique_orders_order_id.fed79b3a6e"
[0m07:19:43.985697 [debug] [Thread-3  ]: Using duckdb connection "test.jaffle_shop.not_null_orders_credit_card_amount.d3ca593b59"
[0m07:19:43.986034 [debug] [Thread-4  ]: On test.jaffle_shop.not_null_orders_coupon_amount.ab90c90625: BEGIN
[0m07:19:43.986389 [debug] [Thread-23 ]: Opening a new connection, currently in state init
[0m07:19:43.986712 [debug] [Thread-20 ]: Opening a new connection, currently in state closed
[0m07:19:43.987067 [debug] [Thread-6  ]: Using duckdb connection "test.jaffle_shop.relationships_orders_customer_id__customer_id__ref_customers_.c6ec7f58f2"
[0m07:19:43.987388 [debug] [Thread-8  ]: On test.jaffle_shop.not_null_orders_order_id.cf6c17daed: BEGIN
[0m07:19:43.987700 [debug] [Thread-5  ]: On test.jaffle_shop.not_null_orders_customer_id.c5f02694af: BEGIN
[0m07:19:43.988038 [debug] [Thread-15 ]: Using duckdb connection "test.jaffle_shop.unique_customers_customer_id.c5af1ff4b1"
[0m07:19:43.988344 [debug] [Thread-2  ]: On test.jaffle_shop.not_null_orders_gift_card_amount.413a0d2d7a: BEGIN
[0m07:19:43.988649 [debug] [Thread-24 ]: Opening a new connection, currently in state init
[0m07:19:43.988958 [debug] [Thread-12 ]: On test.jaffle_shop.not_null_customers_customer_id.5c9bf9911d: BEGIN
[0m07:19:43.989260 [debug] [Thread-7  ]: On test.jaffle_shop.unique_orders_order_id.fed79b3a6e: BEGIN
[0m07:19:43.989565 [debug] [Thread-3  ]: On test.jaffle_shop.not_null_orders_credit_card_amount.d3ca593b59: BEGIN
[0m07:19:43.989870 [debug] [Thread-4  ]: Opening a new connection, currently in state init
[0m07:19:43.990490 [debug] [Thread-6  ]: On test.jaffle_shop.relationships_orders_customer_id__customer_id__ref_customers_.c6ec7f58f2: BEGIN
[0m07:19:43.990846 [debug] [Thread-23 ]: SQL status: OK in 0.004 seconds
[0m07:19:43.991149 [debug] [Thread-8  ]: Opening a new connection, currently in state init
[0m07:19:43.991454 [debug] [Thread-20 ]: SQL status: OK in 0.005 seconds
[0m07:19:43.991760 [debug] [Thread-5  ]: Opening a new connection, currently in state init
[0m07:19:43.992072 [debug] [Thread-15 ]: On test.jaffle_shop.unique_customers_customer_id.c5af1ff4b1: BEGIN
[0m07:19:43.992370 [debug] [Thread-2  ]: Opening a new connection, currently in state closed
[0m07:19:43.992754 [debug] [Thread-12 ]: Opening a new connection, currently in state init
[0m07:19:43.993070 [debug] [Thread-7  ]: Opening a new connection, currently in state closed
[0m07:19:43.993393 [debug] [Thread-24 ]: SQL status: OK in 0.005 seconds
[0m07:19:43.993683 [debug] [Thread-3  ]: Opening a new connection, currently in state closed
[0m07:19:43.994064 [debug] [Thread-6  ]: Opening a new connection, currently in state closed
[0m07:19:43.994396 [debug] [Thread-23 ]: Using duckdb connection "test.jaffle_shop.accepted_values_orders_status__placed__shipped__completed__return_pending__returned.be6b5b5ec3"
[0m07:19:43.994710 [debug] [Thread-4  ]: SQL status: OK in 0.005 seconds
[0m07:19:43.995072 [debug] [Thread-20 ]: Using duckdb connection "test.jaffle_shop.not_null_orders_amount.106140f9fd"
[0m07:19:43.995442 [debug] [Thread-8  ]: SQL status: OK in 0.004 seconds
[0m07:19:43.995754 [debug] [Thread-15 ]: Opening a new connection, currently in state init
[0m07:19:43.996062 [debug] [Thread-5  ]: SQL status: OK in 0.004 seconds
[0m07:19:43.996547 [debug] [Thread-2  ]: SQL status: OK in 0.004 seconds
[0m07:19:43.996896 [debug] [Thread-24 ]: Using duckdb connection "test.jaffle_shop.not_null_orders_bank_transfer_amount.7743500c49"
[0m07:19:43.997214 [debug] [Thread-12 ]: SQL status: OK in 0.004 seconds
[0m07:19:43.997504 [debug] [Thread-7  ]: SQL status: OK in 0.004 seconds
[0m07:19:43.997967 [debug] [Thread-23 ]: On test.jaffle_shop.accepted_values_orders_status__placed__shipped__completed__return_pending__returned.be6b5b5ec3: /* {"app": "dbt", "dbt_version": "1.10.22", "profile_name": "jaffle_shop", "target_name": "dev", "node_id": "test.jaffle_shop.accepted_values_orders_status__placed__shipped__completed__return_pending__returned.be6b5b5ec3"} */

    select
      count(*) as failures,
      count(*) != 0 as should_warn,
      count(*) != 0 as should_error
    from (
      
    
  
    
    

with all_values as (

    select
        status as value_field,
        count(*) as n_records

    from "jaffle_shop"."main"."orders"
    group by status

)

select *
from all_values
where value_field not in (
    'placed','shipped','completed','return_pending','returned'
)



  
  
      
    ) dbt_internal_test
[0m07:19:43.998330 [debug] [Thread-4  ]: Using duckdb connection "test.jaffle_shop.not_null_orders_coupon_amount.ab90c90625"
[0m07:19:43.998627 [debug] [Thread-3  ]: SQL status: OK in 0.005 seconds
[0m07:19:43.998934 [debug] [Thread-6  ]: SQL status: OK in 0.005 seconds
[0m07:19:43.999242 [debug] [Thread-20 ]: On test.jaffle_shop.not_null_orders_amount.106140f9fd: /* {"app": "dbt", "dbt_version": "1.10.22", "profile_name": "jaffle_shop", "target_name": "dev", "node_id": "test.jaffle_shop.not_null_orders_amount.106140f9fd"} */

    select
      count(*) as failures,
      count(*) != 0 as should_warn,
      count(*) != 0 as should_error
    from (
      
    
  
    
    



select amount
from "jaffle_shop"."main"."orders"
where amount is null



  
  
      
    ) dbt_internal_test
[0m07:19:43.999563 [debug] [Thread-8  ]: Using duckdb connection "test.jaffle_shop.not_null_orders_order_id.cf6c17daed"
[0m07:19:43.999928 [debug] [Thread-5  ]: Using duckdb connection "test.jaffle_shop.not_null_orders_customer_id.c5f02694af"
[0m07:19:44.000249 [debug] [Thread-2  ]: Using duckdb connection "test.jaffle_shop.not_null_orders_gift_card_amount.413a0d2d7a"
[0m07:19:44.000542 [debug] [Thread-15 ]: SQL status: OK in 0.005 seconds
[0m07:19:44.000863 [debug] [Thread-24 ]: On test.jaffle_shop.not_null_orders_bank_transfer_amount.7743500c49: /* {"app": "dbt", "dbt_version": "1.10.22", "profile_name": "jaffle_shop", "target_name": "dev", "node_id": "test.jaffle_shop.not_null_orders_bank_transfer_amount.7743500c49"} */

    select
      count(*) as failures,
      count(*) != 0 as should_warn,
      count(*) != 0 as should_error
    from (
      
    
  
    
    



select bank_transfer_amount
from "jaffle_shop"."main"."orders"
where bank_transfer_amount is null



  
  
      
    ) dbt_internal_test
[0m07:19:44.001188 [debug] [Thread-12 ]: Using duckdb connection "test.jaffle_shop.not_null_customers_customer_id.5c9bf9911d"
[0m07:19:44.001498 [debug] [Thread-7  ]: Using duckdb connection "test.jaffle_shop.unique_orders_order_id.fed79b3a6e"
[0m07:19:44.001994 [debug] [Thread-4  ]: On test.jaffle_shop.not_null_orders_coupon_amount.ab90c90625: /* {"app": "dbt", "dbt_version": "1.10.22", "profile_name": "jaffle_shop", "target_name": "dev", "node_id": "test.jaffle_shop.not_null_orders_coupon_amount.ab90c90625"} */

    select
      count(*) as failures,
      count(*) != 0 as should_warn,
      count(*) != 0 as should_error
    from (
      
    
  
    
    



select coupon_amount
from "jaffle_shop"."main"."orders"
where coupon_amount is null



  
  
      
    ) dbt_internal_test
[0m07:19:44.002344 [debug] [Thread-3  ]: Using duckdb connection "test.jaffle_shop.not_null_orders_credit_card_amount.d3ca593b59"
[0m07:19:44.002669 [debug] [Thread-23 ]: SQL status: OK in 0.001 seconds
[0m07:19:44.002959 [debug] [Thread-6  ]: Using duckdb connection "test.jaffle_shop.relationships_orders_customer_id__customer_id__ref_customers_.c6ec7f58f2"
[0m07:19:44.003385 [debug] [Thread-8  ]: On test.jaffle_shop.not_null_orders_order_id.cf6c17daed: /* {"app": "dbt", "dbt_version": "1.10.22", "profile_name": "jaffle_shop", "target_name": "dev", "node_id": "test.jaffle_shop.not_null_orders_order_id.cf6c17daed"} */

    select
      count(*) as failures,
      count(*) != 0 as should_warn,
      count(*) != 0 as should_error
    from (
      
    
  
    
    



select order_id
from "jaffle_shop"."main"."orders"
where order_id is null



  
  
      
    ) dbt_internal_test
[0m07:19:44.003757 [debug] [Thread-5  ]: On test.jaffle_shop.not_null_orders_customer_id.c5f02694af: /* {"app": "dbt", "dbt_version": "1.10.22", "profile_name": "jaffle_shop", "target_name": "dev", "node_id": "test.jaffle_shop.not_null_orders_customer_id.c5f02694af"} */

    select
      count(*) as failures,
      count(*) != 0 as should_warn,
      count(*) != 0 as should_error
    from (
      
    
  
    
    



select customer_id
from "jaffle_shop"."main"."orders"
where customer_id is null



  
  
      
    ) dbt_internal_test
[0m07:19:44.004101 [debug] [Thread-20 ]: SQL status: OK in 0.001 seconds
[0m07:19:44.004466 [debug] [Thread-2  ]: On test.jaffle_shop.not_null_orders_gift_card_amount.413a0d2d7a: /* {"app": "dbt", "dbt_version": "1.10.22", "profile_name": "jaffle_shop", "target_name": "dev", "node_id": "test.jaffle_shop.not_null_orders_gift_card_amount.413a0d2d7a"} */

    select
      count(*) as failures,
      count(*) != 0 as should_warn,
      count(*) != 0 as should_error
    from (
      
    
  
    
    



select gift_card_amount
from "jaffle_shop"."main"."orders"
where gift_card_amount is null



  
  
      
    ) dbt_internal_test
[0m07:19:44.004822 [debug] [Thread-15 ]: Using duckdb connection "test.jaffle_shop.unique_customers_customer_id.c5af1ff4b1"
[0m07:19:44.005252 [debug] [Thread-12 ]: On test.jaffle_shop.not_null_customers_customer_id.5c9bf9911d: /* {"app": "dbt", "dbt_version": "1.10.22", "profile_name": "jaffle_shop", "target_name": "dev", "node_id": "test.jaffle_shop.not_null_customers_customer_id.5c9bf9911d"} */

    select
      count(*) as failures,
      count(*) != 0 as should_warn,
      count(*) != 0 as should_error
    from (
      
    
  
    
    



select customer_id
from "jaffle_shop"."main"."customers"
where customer_id is null



  
  
      
    ) dbt_internal_test
[0m07:19:44.005666 [debug] [Thread-7  ]: On test.jaffle_shop.unique_orders_order_id.fed79b3a6e: /* {"app": "dbt", "dbt_version": "1.10.22", "profile_name": "jaffle_shop", "target_name": "dev", "node_id": "test.jaffle_shop.unique_orders_order_id.fed79b3a6e"} */

    select
      count(*) as failures,
      count(*) != 0 as should_warn,
      count(*) != 0 as should_error
    from (
      
    
  
    
    

select
    order_id as unique_field,
    count(*) as n_records

from "jaffle_shop"."main"."orders"
where order_id is not null
group by order_id
having count(*) > 1



  
  
      
    ) dbt_internal_test
[0m07:19:44.006054 [debug] [Thread-24 ]: SQL status: OK in 0.001 seconds
[0m07:19:44.006475 [debug] [Thread-3  ]: On test.jaffle_shop.not_null_orders_credit_card_amount.d3ca593b59: /* {"app": "dbt", "dbt_version": "1.10.22", "profile_name": "jaffle_shop", "target_name": "dev", "node_id": "test.jaffle_shop.not_null_orders_credit_card_amount.d3ca593b59"} */

    select
      count(*) as failures,
      count(*) != 0 as should_warn,
      count(*) != 0 as should_error
    from (
      
    
  
    
    



select credit_card_amount
from "jaffle_shop"."main"."orders"
where credit_card_amount is null



  
  
      
    ) dbt_internal_test
[0m07:19:44.006874 [debug] [Thread-4  ]: SQL status: OK in 0.000 seconds
[0m07:19:44.008280 [debug] [Thread-23 ]: On test.jaffle_shop.accepted_values_orders_status__placed__shipped__completed__return_pending__returned.be6b5b5ec3: ROLLBACK
[0m07:19:44.008630 [debug] [Thread-6  ]: On test.jaffle_shop.relationships_orders_customer_id__customer_id__ref_customers_.c6ec7f58f2: /* {"app": "dbt", "dbt_version": "1.10.22", "profile_name": "jaffle_shop", "target_name": "dev", "node_id": "test.jaffle_shop.relationships_orders_customer_id__customer_id__ref_customers_.c6ec7f58f2"} */

    select
      count(*) as failures,
      count(*) != 0 as should_warn,
      count(*) != 0 as should_error
    from (
      
    
  
    
    

with child as (
    select customer_id as from_field
    from "jaffle_shop"."main"."orders"
    where customer_id is not null
),

parent as (
    select customer_id as to_field
    from "jaffle_shop"."main"."customers"
)

select
    from_field

from child
left join parent
    on child.from_field = parent.to_field

where parent.to_field is null



  
  
      
    ) dbt_internal_test
[0m07:19:44.009975 [debug] [Thread-20 ]: On test.jaffle_shop.not_null_orders_amount.106140f9fd: ROLLBACK
[0m07:19:44.010416 [debug] [Thread-15 ]: On test.jaffle_shop.unique_customers_customer_id.c5af1ff4b1: /* {"app": "dbt", "dbt_version": "1.10.22", "profile_name": "jaffle_shop", "target_name": "dev", "node_id": "test.jaffle_shop.unique_customers_customer_id.c5af1ff4b1"} */

    select
      count(*) as failures,
      count(*) != 0 as should_warn,
      count(*) != 0 as should_error
    from (
      
    
  
    
    

select
    customer_id as unique_field,
    count(*) as n_records

from "jaffle_shop"."main"."customers"
where customer_id is not null
group by customer_id
having count(*) > 1



  
  
      
    ) dbt_internal_test
[0m07:19:44.010769 [debug] [Thread-8  ]: SQL status: OK in 0.002 seconds
[0m07:19:44.011151 [debug] [Thread-2  ]: SQL status: OK in 0.001 seconds
[0m07:19:44.011438 [debug] [Thread-5  ]: SQL status: OK in 0.002 seconds
[0m07:19:44.011842 [debug] [Thread-12 ]: SQL status: OK in 0.001 seconds
[0m07:19:44.012199 [debug] [Thread-7  ]: SQL status: OK in 0.000 seconds
[0m07:19:44.013282 [debug] [Thread-24 ]: On test.jaffle_shop.not_null_orders_bank_transfer_amount.7743500c49: ROLLBACK
[0m07:19:44.014399 [debug] [Thread-4  ]: On test.jaffle_shop.not_null_orders_coupon_amount.ab90c90625: ROLLBACK
[0m07:19:44.014805 [debug] [Thread-23 ]: Failed to rollback 'test.jaffle_shop.accepted_values_orders_status__placed__shipped__completed__return_pending__returned.be6b5b5ec3'
[0m07:19:44.015237 [debug] [Thread-3  ]: SQL status: OK in 0.002 seconds
[0m07:19:44.015627 [debug] [Thread-20 ]: Failed to rollback 'test.jaffle_shop.not_null_orders_amount.106140f9fd'
[0m07:19:44.017031 [debug] [Thread-8  ]: On test.jaffle_shop.not_null_orders_order_id.cf6c17daed: ROLLBACK
[0m07:19:44.018220 [debug] [Thread-2  ]: On test.jaffle_shop.not_null_orders_gift_card_amount.413a0d2d7a: ROLLBACK
[0m07:19:44.018572 [debug] [Thread-15 ]: SQL status: OK in 0.003 seconds
[0m07:19:44.019664 [debug] [Thread-5  ]: On test.jaffle_shop.not_null_orders_customer_id.c5f02694af: ROLLBACK
[0m07:19:44.020005 [debug] [Thread-6  ]: SQL status: OK in 0.005 seconds
[0m07:19:44.021121 [debug] [Thread-12 ]: On test.jaffle_shop.not_null_customers_customer_id.5c9bf9911d: ROLLBACK
[0m07:19:44.022128 [debug] [Thread-7  ]: On test.jaffle_shop.unique_orders_order_id.fed79b3a6e: ROLLBACK
[0m07:19:44.022510 [debug] [Thread-24 ]: Failed to rollback 'test.jaffle_shop.not_null_orders_bank_transfer_amount.7743500c49'
[0m07:19:44.022847 [debug] [Thread-4  ]: Failed to rollback 'test.jaffle_shop.not_null_orders_coupon_amount.ab90c90625'
[0m07:19:44.023166 [debug] [Thread-23 ]: On test.jaffle_shop.accepted_values_orders_status__placed__shipped__completed__return_pending__returned.be6b5b5ec3: Close
[0m07:19:44.023516 [debug] [Thread-20 ]: On test.jaffle_shop.not_null_orders_amount.106140f9fd: Close
[0m07:19:44.024507 [debug] [Thread-3  ]: On test.jaffle_shop.not_null_orders_credit_card_amount.d3ca593b59: ROLLBACK
[0m07:19:44.024863 [debug] [Thread-8  ]: Failed to rollback 'test.jaffle_shop.not_null_orders_order_id.cf6c17daed'
[0m07:19:44.025212 [debug] [Thread-2  ]: Failed to rollback 'test.jaffle_shop.not_null_orders_gift_card_amount.413a0d2d7a'
[0m07:19:44.026215 [debug] [Thread-15 ]: On test.jaffle_shop.unique_customers_customer_id.c5af1ff4b1: ROLLBACK
[0m07:19:44.026584 [debug] [Thread-5  ]: Failed to rollback 'test.jaffle_shop.not_null_orders_customer_id.c5f02694af'
[0m07:19:44.026960 [debug] [Thread-12 ]: Failed to rollback 'test.jaffle_shop.not_null_customers_customer_id.5c9bf9911d'
[0m07:19:44.027925 [debug] [Thread-6  ]: On test.jaffle_shop.relationships_orders_customer_id__customer_id__ref_customers_.c6ec7f58f2: ROLLBACK
[0m07:19:44.028274 [debug] [Thread-7  ]: Failed to rollback 'test.jaffle_shop.unique_orders_order_id.fed79b3a6e'
[0m07:19:44.028581 [debug] [Thread-24 ]: On test.jaffle_shop.not_null_orders_bank_transfer_amount.7743500c49: Close
[0m07:19:44.028886 [debug] [Thread-4  ]: On test.jaffle_shop.not_null_orders_coupon_amount.ab90c90625: Close
[0m07:19:44.029495 [info ] [Thread-23 ]: 17 of 28 PASS accepted_values_orders_status__placed__shipped__completed__return_pending__returned  [[32mPASS[0m in 0.14s]
[0m07:19:44.029875 [debug] [Thread-3  ]: Failed to rollback 'test.jaffle_shop.not_null_orders_credit_card_amount.d3ca593b59'
[0m07:19:44.030370 [info ] [Thread-20 ]: 18 of 28 PASS not_null_orders_amount ........................................... [[32mPASS[0m in 0.14s]
[0m07:19:44.030710 [debug] [Thread-8  ]: On test.jaffle_shop.not_null_orders_order_id.cf6c17daed: Close
[0m07:19:44.031026 [debug] [Thread-2  ]: On test.jaffle_shop.not_null_orders_gift_card_amount.413a0d2d7a: Close
[0m07:19:44.031399 [debug] [Thread-15 ]: Failed to rollback 'test.jaffle_shop.unique_customers_customer_id.c5af1ff4b1'
[0m07:19:44.031719 [debug] [Thread-5  ]: On test.jaffle_shop.not_null_orders_customer_id.c5f02694af: Close
[0m07:19:44.032025 [debug] [Thread-12 ]: On test.jaffle_shop.not_null_customers_customer_id.5c9bf9911d: Close
[0m07:19:44.032387 [debug] [Thread-6  ]: Failed to rollback 'test.jaffle_shop.relationships_orders_customer_id__customer_id__ref_customers_.c6ec7f58f2'
[0m07:19:44.032701 [debug] [Thread-7  ]: On test.jaffle_shop.unique_orders_order_id.fed79b3a6e: Close
[0m07:19:44.033204 [info ] [Thread-24 ]: 19 of 28 PASS not_null_orders_bank_transfer_amount ............................. [[32mPASS[0m in 0.14s]
[0m07:19:44.033685 [info ] [Thread-4  ]: 20 of 28 PASS not_null_orders_coupon_amount .................................... [[32mPASS[0m in 0.14s]
[0m07:19:44.034150 [debug] [Thread-23 ]: Finished running node test.jaffle_shop.accepted_values_orders_status__placed__shipped__completed__return_pending__returned.be6b5b5ec3
[0m07:19:44.034460 [debug] [Thread-3  ]: On test.jaffle_shop.not_null_orders_credit_card_amount.d3ca593b59: Close
[0m07:19:44.034877 [debug] [Thread-20 ]: Finished running node test.jaffle_shop.not_null_orders_amount.106140f9fd
[0m07:19:44.035320 [info ] [Thread-8  ]: 24 of 28 PASS not_null_orders_order_id ......................................... [[32mPASS[0m in 0.14s]
[0m07:19:44.035779 [info ] [Thread-2  ]: 23 of 28 PASS not_null_orders_gift_card_amount ................................. [[32mPASS[0m in 0.14s]
[0m07:19:44.036106 [debug] [Thread-15 ]: On test.jaffle_shop.unique_customers_customer_id.c5af1ff4b1: Close
[0m07:19:44.036555 [info ] [Thread-5  ]: 22 of 28 PASS not_null_orders_customer_id ...................................... [[32mPASS[0m in 0.15s]
[0m07:19:44.036921 [debug] [Thread-6  ]: On test.jaffle_shop.relationships_orders_customer_id__customer_id__ref_customers_.c6ec7f58f2: Close
[0m07:19:44.037350 [info ] [Thread-12 ]: 26 of 28 PASS not_null_customers_customer_id ................................... [[32mPASS[0m in 0.14s]
[0m07:19:44.037825 [info ] [Thread-7  ]: 25 of 28 PASS unique_orders_order_id ........................................... [[32mPASS[0m in 0.14s]
[0m07:19:44.038293 [debug] [Thread-24 ]: Finished running node test.jaffle_shop.not_null_orders_bank_transfer_amount.7743500c49
[0m07:19:44.038728 [debug] [Thread-4  ]: Finished running node test.jaffle_shop.not_null_orders_coupon_amount.ab90c90625
[0m07:19:44.039282 [info ] [Thread-3  ]: 21 of 28 PASS not_null_orders_credit_card_amount ............................... [[32mPASS[0m in 0.15s]
[0m07:19:44.039807 [debug] [Thread-8  ]: Finished running node test.jaffle_shop.not_null_orders_order_id.cf6c17daed
[0m07:19:44.040243 [debug] [Thread-2  ]: Finished running node test.jaffle_shop.not_null_orders_gift_card_amount.413a0d2d7a
[0m07:19:44.040720 [debug] [Thread-5  ]: Finished running node test.jaffle_shop.not_null_orders_customer_id.c5f02694af
[0m07:19:44.041136 [info ] [Thread-15 ]: 28 of 28 PASS unique_customers_customer_id ..................................... [[32mPASS[0m in 0.14s]
[0m07:19:44.041612 [info ] [Thread-6  ]: 27 of 28 PASS relationships_orders_customer_id__customer_id__ref_customers_ .... [[32mPASS[0m in 0.14s]
[0m07:19:44.042067 [debug] [Thread-12 ]: Finished running node test.jaffle_shop.not_null_customers_customer_id.5c9bf9911d
[0m07:19:44.042489 [debug] [Thread-7  ]: Finished running node test.jaffle_shop.unique_orders_order_id.fed79b3a6e
[0m07:19:44.043024 [debug] [Thread-3  ]: Finished running node test.jaffle_shop.not_null_orders_credit_card_amount.d3ca593b59
[0m07:19:44.043601 [debug] [Thread-15 ]: Finished running node test.jaffle_shop.unique_customers_customer_id.c5af1ff4b1
[0m07:19:44.044030 [debug] [Thread-6  ]: Finished running node test.jaffle_shop.relationships_orders_customer_id__customer_id__ref_customers_.c6ec7f58f2
[0m07:19:44.045490 [debug] [MainThread]: Using duckdb connection "master"
[0m07:19:44.045766 [debug] [MainThread]: On master: BEGIN
[0m07:19:44.046021 [debug] [MainThread]: Opening a new connection, currently in state closed
[0m07:19:44.046464 [debug] [MainThread]: SQL status: OK in 0.000 seconds
[0m07:19:44.046725 [debug] [MainThread]: On master: COMMIT
[0m07:19:44.046986 [debug] [MainThread]: Using duckdb connection "master"
[0m07:19:44.047237 [debug] [MainThread]: On master: COMMIT
[0m07:19:44.047618 [debug] [MainThread]: SQL status: OK in 0.000 seconds
[0m07:19:44.047904 [debug] [MainThread]: On master: Close
[0m07:19:44.048230 [debug] [MainThread]: Connection 'master' was properly closed.
[0m07:19:44.048487 [debug] [MainThread]: Connection 'model.jaffle_shop.stg_payments' was properly closed.
[0m07:19:44.048736 [debug] [MainThread]: Connection 'test.jaffle_shop.not_null_orders_gift_card_amount.413a0d2d7a' was properly closed.
[0m07:19:44.048979 [debug] [MainThread]: Connection 'test.jaffle_shop.not_null_orders_credit_card_amount.d3ca593b59' was properly closed.
[0m07:19:44.049225 [debug] [MainThread]: Connection 'test.jaffle_shop.relationships_orders_customer_id__customer_id__ref_customers_.c6ec7f58f2' was properly closed.
[0m07:19:44.049467 [debug] [MainThread]: Connection 'test.jaffle_shop.unique_orders_order_id.fed79b3a6e' was properly closed.
[0m07:19:44.049711 [debug] [MainThread]: Connection 'test.jaffle_shop.accepted_values_stg_orders_status__placed__shipped__completed__return_pending__returned.080fb20aad' was properly closed.
[0m07:19:44.049953 [debug] [MainThread]: Connection 'test.jaffle_shop.not_null_stg_orders_order_id.81cfe2fe64' was properly closed.
[0m07:19:44.050192 [debug] [MainThread]: Connection 'test.jaffle_shop.unique_stg_orders_order_id.e3b841c71a' was properly closed.
[0m07:19:44.050435 [debug] [MainThread]: Connection 'test.jaffle_shop.not_null_stg_customers_customer_id.e2cfb1f9aa' was properly closed.
[0m07:19:44.050673 [debug] [MainThread]: Connection 'test.jaffle_shop.unique_stg_customers_customer_id.c7614daada' was properly closed.
[0m07:19:44.050916 [debug] [MainThread]: Connection 'test.jaffle_shop.accepted_values_stg_payments_payment_method__credit_card__coupon__bank_transfer__gift_card.3c3820f278' was properly closed.
[0m07:19:44.051160 [debug] [MainThread]: Connection 'test.jaffle_shop.not_null_stg_payments_payment_id.c19cc50075' was properly closed.
[0m07:19:44.051398 [debug] [MainThread]: Connection 'test.jaffle_shop.unique_stg_payments_payment_id.3744510712' was properly closed.
[0m07:19:44.051633 [debug] [MainThread]: Connection 'test.jaffle_shop.not_null_orders_amount.106140f9fd' was properly closed.
[0m07:19:44.051868 [debug] [MainThread]: Connection 'model.jaffle_shop.orders' was properly closed.
[0m07:19:44.052108 [debug] [MainThread]: Connection 'test.jaffle_shop.accepted_values_orders_status__placed__shipped__completed__return_pending__returned.be6b5b5ec3' was properly closed.
[0m07:19:44.052350 [debug] [MainThread]: Connection 'test.jaffle_shop.not_null_orders_bank_transfer_amount.7743500c49' was properly closed.
[0m07:19:44.052587 [debug] [MainThread]: Connection 'test.jaffle_shop.not_null_orders_coupon_amount.ab90c90625' was properly closed.
[0m07:19:44.052823 [debug] [MainThread]: Connection 'test.jaffle_shop.not_null_orders_customer_id.c5f02694af' was properly closed.
[0m07:19:44.053060 [debug] [MainThread]: Connection 'test.jaffle_shop.not_null_orders_order_id.cf6c17daed' was properly closed.
[0m07:19:44.053299 [debug] [MainThread]: Connection 'test.jaffle_shop.not_null_customers_customer_id.5c9bf9911d' was properly closed.
[0m07:19:44.053533 [debug] [MainThread]: Connection 'test.jaffle_shop.unique_customers_customer_id.c5af1ff4b1' was properly closed.
[0m07:19:44.053934 [info ] [MainThread]: 
[0m07:19:44.054229 [info ] [MainThread]: Finished running 3 seeds, 2 table models, 20 data tests, 3 view models in 0 hours 0 minutes and 0.93 seconds (0.93s).
[0m07:19:44.057656 [debug] [MainThread]: Command end result
[0m07:19:44.084186 [debug] [MainThread]: Wrote artifact WritableManifest to /Users/n-mjkim/workspace2/test_20260603/dbt-poc/jaffle_shop_duckdb/target/manifest.json
[0m07:19:44.086139 [debug] [MainThread]: Wrote artifact SemanticManifest to /Users/n-mjkim/workspace2/test_20260603/dbt-poc/jaffle_shop_duckdb/target/semantic_manifest.json
[0m07:19:44.093605 [debug] [MainThread]: Wrote artifact RunExecutionResult to /Users/n-mjkim/workspace2/test_20260603/dbt-poc/jaffle_shop_duckdb/target/run_results.json
[0m07:19:44.093914 [info ] [MainThread]: 
[0m07:19:44.094242 [info ] [MainThread]: [32mCompleted successfully[0m
[0m07:19:44.094541 [info ] [MainThread]: 
[0m07:19:44.094835 [info ] [MainThread]: Done. PASS=28 WARN=0 ERROR=0 SKIP=0 NO-OP=0 TOTAL=28
[0m07:19:44.116017 [debug] [MainThread]: Resource report: {"command_name": "build", "command_success": true, "command_wall_clock_time": 1.9169078, "process_in_blocks": "0", "process_kernel_time": 0.360163, "process_mem_max_rss": "163708928", "process_out_blocks": "0", "process_user_time": 2.639001}
[0m07:19:44.116420 [debug] [MainThread]: Command `dbt build` succeeded at 07:19:44.116346 after 1.92 seconds
[0m07:19:44.116767 [debug] [MainThread]: Sending event: {'category': 'dbt', 'action': 'invocation', 'label': 'end', 'context': [<snowplow_tracker.self_describing_json.SelfDescribingJson object at 0x107aa2fd0>, <snowplow_tracker.self_describing_json.SelfDescribingJson object at 0x108c2b280>, <snowplow_tracker.self_describing_json.SelfDescribingJson object at 0x108bbe490>]}
[0m07:19:44.117118 [debug] [MainThread]: Flushing usage events
[0m07:19:45.264403 [debug] [MainThread]: An error was encountered while trying to flush usage events
[0m07:20:42.489491 [debug] [MainThread]: Sending event: {'category': 'dbt', 'action': 'invocation', 'label': 'start', 'context': [<snowplow_tracker.self_describing_json.SelfDescribingJson object at 0x10a81e0a0>, <snowplow_tracker.self_describing_json.SelfDescribingJson object at 0x10b8aacd0>, <snowplow_tracker.self_describing_json.SelfDescribingJson object at 0x10b8aa2e0>]}


============================== 07:20:42.493947 | 24ef6804-7c7e-4705-9a28-c10c7c5fd1fc ==============================
[0m07:20:42.493947 [info ] [MainThread]: Running with dbt=1.10.22
[0m07:20:42.494463 [debug] [MainThread]: running dbt with arguments {'use_experimental_parser': 'False', 'introspect': 'True', 'log_cache_events': 'False', 'partial_parse': 'True', 'write_json': 'True', 'empty': 'None', 'cache_selected_only': 'False', 'log_path': '/Users/n-mjkim/workspace2/test_20260603/dbt-poc/jaffle_shop_duckdb/logs', 'invocation_command': 'dbt docs generate --no-version-check', 'static_parser': 'True', 'target_path': 'None', 'quiet': 'False', 'indirect_selection': 'eager', 'log_format': 'default', 'fail_fast': 'False', 'version_check': 'False', 'warn_error_options': 'WarnErrorOptionsV2(error=[], warn=[], silence=[])', 'send_anonymous_usage_stats': 'True', 'no_print': 'None', 'use_colors': 'True', 'printer_width': '80', 'profiles_dir': '/Users/n-mjkim/workspace2/test_20260603/dbt-poc/jaffle_shop_duckdb', 'debug': 'False', 'warn_error': 'None'}
[0m07:20:42.773764 [debug] [MainThread]: Sending event: {'category': 'dbt', 'action': 'project_id', 'label': '24ef6804-7c7e-4705-9a28-c10c7c5fd1fc', 'context': [<snowplow_tracker.self_describing_json.SelfDescribingJson object at 0x10b6d3fa0>]}
[0m07:20:42.826702 [debug] [MainThread]: Sending event: {'category': 'dbt', 'action': 'adapter_info', 'label': '24ef6804-7c7e-4705-9a28-c10c7c5fd1fc', 'context': [<snowplow_tracker.self_describing_json.SelfDescribingJson object at 0x10b9ade50>]}
[0m07:20:42.829952 [info ] [MainThread]: Registered adapter: duckdb=1.10.0
[0m07:20:42.952169 [debug] [MainThread]: checksum: 04c83ee057a648a2f8e380c895ffead170732fa039f068d62b9d36aaeefaf7cc, vars: {}, profile: , target: , version: 1.10.22
[0m07:20:43.128383 [debug] [MainThread]: Partial parsing enabled: 0 files deleted, 0 files added, 0 files changed.
[0m07:20:43.128824 [debug] [MainThread]: Partial parsing enabled, no changes found, skipping parsing
[0m07:20:43.183854 [debug] [MainThread]: Sending event: {'category': 'dbt', 'action': 'load_project', 'label': '24ef6804-7c7e-4705-9a28-c10c7c5fd1fc', 'context': [<snowplow_tracker.self_describing_json.SelfDescribingJson object at 0x10befe130>]}
[0m07:20:43.240804 [debug] [MainThread]: Sending event: {'category': 'dbt', 'action': 'resource_counts', 'label': '24ef6804-7c7e-4705-9a28-c10c7c5fd1fc', 'context': [<snowplow_tracker.self_describing_json.SelfDescribingJson object at 0x10bf3baf0>]}
[0m07:20:43.241823 [info ] [MainThread]: Found 5 models, 3 seeds, 20 data tests, 456 macros
[0m07:20:43.242316 [debug] [MainThread]: Sending event: {'category': 'dbt', 'action': 'runnable_timing', 'label': '24ef6804-7c7e-4705-9a28-c10c7c5fd1fc', 'context': [<snowplow_tracker.self_describing_json.SelfDescribingJson object at 0x10bf3ba60>]}
[0m07:20:43.245671 [info ] [MainThread]: 
[0m07:20:43.246769 [info ] [MainThread]: Concurrency: 24 threads (target='dev')
[0m07:20:43.247223 [info ] [MainThread]: 
[0m07:20:43.247809 [debug] [MainThread]: Acquiring new duckdb connection 'master'
[0m07:20:43.253815 [debug] [ThreadPool]: Acquiring new duckdb connection 'list_jaffle_shop_main'
[0m07:20:43.406395 [debug] [ThreadPool]: Using duckdb connection "list_jaffle_shop_main"
[0m07:20:43.406881 [debug] [ThreadPool]: On list_jaffle_shop_main: BEGIN
[0m07:20:43.407183 [debug] [ThreadPool]: Opening a new connection, currently in state init
[0m07:20:43.421461 [debug] [ThreadPool]: SQL status: OK in 0.014 seconds
[0m07:20:43.421850 [debug] [ThreadPool]: Using duckdb connection "list_jaffle_shop_main"
[0m07:20:43.422159 [debug] [ThreadPool]: On list_jaffle_shop_main: /* {"app": "dbt", "dbt_version": "1.10.22", "profile_name": "jaffle_shop", "target_name": "dev", "connection_name": "list_jaffle_shop_main"} */
select
      'jaffle_shop' as database,
      table_name as name,
      table_schema as schema,
      CASE table_type
        WHEN 'BASE TABLE' THEN 'table'
        WHEN 'VIEW' THEN 'view'
        WHEN 'LOCAL TEMPORARY' THEN 'table'
        END as type
    from system.information_schema.tables
    where lower(table_schema) = 'main'
    and lower(table_catalog) = 'jaffle_shop'
  
[0m07:20:43.438317 [debug] [ThreadPool]: SQL status: OK in 0.016 seconds
[0m07:20:43.439912 [debug] [ThreadPool]: On list_jaffle_shop_main: ROLLBACK
[0m07:20:43.441802 [debug] [ThreadPool]: Failed to rollback 'list_jaffle_shop_main'
[0m07:20:43.442087 [debug] [ThreadPool]: On list_jaffle_shop_main: Close
[0m07:20:43.443525 [debug] [MainThread]: Sending event: {'category': 'dbt', 'action': 'runnable_timing', 'label': '24ef6804-7c7e-4705-9a28-c10c7c5fd1fc', 'context': [<snowplow_tracker.self_describing_json.SelfDescribingJson object at 0x10904e430>]}
[0m07:20:43.447184 [debug] [Thread-1  ]: Began running node seed.jaffle_shop.raw_customers
[0m07:20:43.447556 [debug] [Thread-2  ]: Began running node seed.jaffle_shop.raw_orders
[0m07:20:43.447931 [debug] [Thread-1  ]: Re-using an available connection from the pool (formerly list_jaffle_shop_main, now seed.jaffle_shop.raw_customers)
[0m07:20:43.448296 [debug] [Thread-3  ]: Began running node seed.jaffle_shop.raw_payments
[0m07:20:43.448723 [debug] [Thread-2  ]: Acquiring new duckdb connection 'seed.jaffle_shop.raw_orders'
[0m07:20:43.449055 [debug] [Thread-1  ]: Began compiling node seed.jaffle_shop.raw_customers
[0m07:20:43.449487 [debug] [Thread-3  ]: Acquiring new duckdb connection 'seed.jaffle_shop.raw_payments'
[0m07:20:43.449824 [debug] [Thread-2  ]: Began compiling node seed.jaffle_shop.raw_orders
[0m07:20:43.456711 [debug] [Thread-1  ]: Began executing node seed.jaffle_shop.raw_customers
[0m07:20:43.457026 [debug] [Thread-3  ]: Began compiling node seed.jaffle_shop.raw_payments
[0m07:20:43.458875 [debug] [Thread-2  ]: Began executing node seed.jaffle_shop.raw_orders
[0m07:20:43.459454 [debug] [Thread-1  ]: Finished running node seed.jaffle_shop.raw_customers
[0m07:20:43.461304 [debug] [Thread-3  ]: Began executing node seed.jaffle_shop.raw_payments
[0m07:20:43.461856 [debug] [Thread-2  ]: Finished running node seed.jaffle_shop.raw_orders
[0m07:20:43.462533 [debug] [Thread-3  ]: Finished running node seed.jaffle_shop.raw_payments
[0m07:20:43.462857 [debug] [Thread-5  ]: Began running node model.jaffle_shop.stg_customers
[0m07:20:43.463304 [debug] [Thread-7  ]: Began running node model.jaffle_shop.stg_orders
[0m07:20:43.463824 [debug] [Thread-5  ]: Acquiring new duckdb connection 'model.jaffle_shop.stg_customers'
[0m07:20:43.464230 [debug] [Thread-8  ]: Began running node model.jaffle_shop.stg_payments
[0m07:20:43.464638 [debug] [Thread-7  ]: Acquiring new duckdb connection 'model.jaffle_shop.stg_orders'
[0m07:20:43.464961 [debug] [Thread-5  ]: Began compiling node model.jaffle_shop.stg_customers
[0m07:20:43.465346 [debug] [Thread-8  ]: Acquiring new duckdb connection 'model.jaffle_shop.stg_payments'
[0m07:20:43.465659 [debug] [Thread-7  ]: Began compiling node model.jaffle_shop.stg_orders
[0m07:20:43.468367 [debug] [Thread-5  ]: Writing injected SQL for node "model.jaffle_shop.stg_customers"
[0m07:20:43.468709 [debug] [Thread-8  ]: Began compiling node model.jaffle_shop.stg_payments
[0m07:20:43.471196 [debug] [Thread-7  ]: Writing injected SQL for node "model.jaffle_shop.stg_orders"
[0m07:20:43.474759 [debug] [Thread-8  ]: Writing injected SQL for node "model.jaffle_shop.stg_payments"
[0m07:20:43.475548 [debug] [Thread-7  ]: Began executing node model.jaffle_shop.stg_orders
[0m07:20:43.475868 [debug] [Thread-8  ]: Began executing node model.jaffle_shop.stg_payments
[0m07:20:43.476171 [debug] [Thread-5  ]: Began executing node model.jaffle_shop.stg_customers
[0m07:20:43.476699 [debug] [Thread-7  ]: Finished running node model.jaffle_shop.stg_orders
[0m07:20:43.477219 [debug] [Thread-8  ]: Finished running node model.jaffle_shop.stg_payments
[0m07:20:43.477727 [debug] [Thread-5  ]: Finished running node model.jaffle_shop.stg_customers
[0m07:20:43.478208 [debug] [Thread-10 ]: Began running node test.jaffle_shop.accepted_values_stg_orders_status__placed__shipped__completed__return_pending__returned.080fb20aad
[0m07:20:43.478526 [debug] [Thread-8  ]: Began running node test.jaffle_shop.not_null_stg_orders_order_id.81cfe2fe64
[0m07:20:43.478830 [debug] [Thread-11 ]: Began running node test.jaffle_shop.unique_stg_orders_order_id.e3b841c71a
[0m07:20:43.479461 [debug] [Thread-10 ]: Acquiring new duckdb connection 'test.jaffle_shop.accepted_values_stg_orders_status__placed__shipped__completed__return_pending__returned.080fb20aad'
[0m07:20:43.479784 [debug] [Thread-13 ]: Began running node model.jaffle_shop.customers
[0m07:20:43.480108 [debug] [Thread-14 ]: Began running node model.jaffle_shop.orders
[0m07:20:43.480435 [debug] [Thread-8  ]: Re-using an available connection from the pool (formerly model.jaffle_shop.stg_payments, now test.jaffle_shop.not_null_stg_orders_order_id.81cfe2fe64)
[0m07:20:43.480751 [debug] [Thread-15 ]: Began running node test.jaffle_shop.accepted_values_stg_payments_payment_method__credit_card__coupon__bank_transfer__gift_card.3c3820f278
[0m07:20:43.481082 [debug] [Thread-16 ]: Began running node test.jaffle_shop.not_null_stg_customers_customer_id.e2cfb1f9aa
[0m07:20:43.481472 [debug] [Thread-11 ]: Acquiring new duckdb connection 'test.jaffle_shop.unique_stg_orders_order_id.e3b841c71a'
[0m07:20:43.481779 [debug] [Thread-17 ]: Began running node test.jaffle_shop.not_null_stg_payments_payment_id.c19cc50075
[0m07:20:43.485901 [debug] [Thread-17 ]: Acquiring new duckdb connection 'test.jaffle_shop.not_null_stg_payments_payment_id.c19cc50075'
[0m07:20:43.486598 [debug] [Thread-17 ]: Began compiling node test.jaffle_shop.not_null_stg_payments_payment_id.c19cc50075
[0m07:20:43.482400 [debug] [Thread-19 ]: Began running node test.jaffle_shop.unique_stg_payments_payment_id.3744510712
[0m07:20:43.483107 [debug] [Thread-13 ]: Acquiring new duckdb connection 'model.jaffle_shop.customers'
[0m07:20:43.483487 [debug] [Thread-14 ]: Acquiring new duckdb connection 'model.jaffle_shop.orders'
[0m07:20:43.483797 [debug] [Thread-8  ]: Began compiling node test.jaffle_shop.not_null_stg_orders_order_id.81cfe2fe64
[0m07:20:43.484273 [debug] [Thread-15 ]: Acquiring new duckdb connection 'test.jaffle_shop.accepted_values_stg_payments_payment_method__credit_card__coupon__bank_transfer__gift_card.3c3820f278'
[0m07:20:43.484665 [debug] [Thread-16 ]: Acquiring new duckdb connection 'test.jaffle_shop.not_null_stg_customers_customer_id.e2cfb1f9aa'
[0m07:20:43.484972 [debug] [Thread-11 ]: Began compiling node test.jaffle_shop.unique_stg_orders_order_id.e3b841c71a
[0m07:20:43.482095 [debug] [Thread-18 ]: Began running node test.jaffle_shop.unique_stg_customers_customer_id.c7614daada
[0m07:20:43.482709 [debug] [Thread-10 ]: Began compiling node test.jaffle_shop.accepted_values_stg_orders_status__placed__shipped__completed__return_pending__returned.080fb20aad
[0m07:20:43.503566 [debug] [Thread-19 ]: Acquiring new duckdb connection 'test.jaffle_shop.unique_stg_payments_payment_id.3744510712'
[0m07:20:43.519152 [debug] [Thread-17 ]: Writing injected SQL for node "test.jaffle_shop.not_null_stg_payments_payment_id.c19cc50075"
[0m07:20:43.519641 [debug] [Thread-13 ]: Began compiling node model.jaffle_shop.customers
[0m07:20:43.519973 [debug] [Thread-14 ]: Began compiling node model.jaffle_shop.orders
[0m07:20:43.524361 [debug] [Thread-8  ]: Writing injected SQL for node "test.jaffle_shop.not_null_stg_orders_order_id.81cfe2fe64"
[0m07:20:43.524837 [debug] [Thread-15 ]: Began compiling node test.jaffle_shop.accepted_values_stg_payments_payment_method__credit_card__coupon__bank_transfer__gift_card.3c3820f278
[0m07:20:43.525191 [debug] [Thread-16 ]: Began compiling node test.jaffle_shop.not_null_stg_customers_customer_id.e2cfb1f9aa
[0m07:20:43.530984 [debug] [Thread-11 ]: Writing injected SQL for node "test.jaffle_shop.unique_stg_orders_order_id.e3b841c71a"
[0m07:20:43.531562 [debug] [Thread-18 ]: Acquiring new duckdb connection 'test.jaffle_shop.unique_stg_customers_customer_id.c7614daada'
[0m07:20:43.540709 [debug] [Thread-10 ]: Writing injected SQL for node "test.jaffle_shop.accepted_values_stg_orders_status__placed__shipped__completed__return_pending__returned.080fb20aad"
[0m07:20:43.541071 [debug] [Thread-19 ]: Began compiling node test.jaffle_shop.unique_stg_payments_payment_id.3744510712
[0m07:20:43.544460 [debug] [Thread-13 ]: Writing injected SQL for node "model.jaffle_shop.customers"
[0m07:20:43.549246 [debug] [Thread-14 ]: Writing injected SQL for node "model.jaffle_shop.orders"
[0m07:20:43.554602 [debug] [Thread-15 ]: Writing injected SQL for node "test.jaffle_shop.accepted_values_stg_payments_payment_method__credit_card__coupon__bank_transfer__gift_card.3c3820f278"
[0m07:20:43.554971 [debug] [Thread-17 ]: Began executing node test.jaffle_shop.not_null_stg_payments_payment_id.c19cc50075
[0m07:20:43.558657 [debug] [Thread-16 ]: Writing injected SQL for node "test.jaffle_shop.not_null_stg_customers_customer_id.e2cfb1f9aa"
[0m07:20:43.559182 [debug] [Thread-18 ]: Began compiling node test.jaffle_shop.unique_stg_customers_customer_id.c7614daada
[0m07:20:43.562978 [debug] [Thread-19 ]: Writing injected SQL for node "test.jaffle_shop.unique_stg_payments_payment_id.3744510712"
[0m07:20:43.563307 [debug] [Thread-8  ]: Began executing node test.jaffle_shop.not_null_stg_orders_order_id.81cfe2fe64
[0m07:20:43.563878 [debug] [Thread-11 ]: Began executing node test.jaffle_shop.unique_stg_orders_order_id.e3b841c71a
[0m07:20:43.564533 [debug] [Thread-17 ]: Finished running node test.jaffle_shop.not_null_stg_payments_payment_id.c19cc50075
[0m07:20:43.564891 [debug] [Thread-10 ]: Began executing node test.jaffle_shop.accepted_values_stg_orders_status__placed__shipped__completed__return_pending__returned.080fb20aad
[0m07:20:43.565411 [debug] [Thread-13 ]: Began executing node model.jaffle_shop.customers
[0m07:20:43.565776 [debug] [Thread-14 ]: Began executing node model.jaffle_shop.orders
[0m07:20:43.566100 [debug] [Thread-15 ]: Began executing node test.jaffle_shop.accepted_values_stg_payments_payment_method__credit_card__coupon__bank_transfer__gift_card.3c3820f278
[0m07:20:43.569633 [debug] [Thread-18 ]: Writing injected SQL for node "test.jaffle_shop.unique_stg_customers_customer_id.c7614daada"
[0m07:20:43.570291 [debug] [Thread-8  ]: Finished running node test.jaffle_shop.not_null_stg_orders_order_id.81cfe2fe64
[0m07:20:43.570872 [debug] [Thread-11 ]: Finished running node test.jaffle_shop.unique_stg_orders_order_id.e3b841c71a
[0m07:20:43.571194 [debug] [Thread-16 ]: Began executing node test.jaffle_shop.not_null_stg_customers_customer_id.e2cfb1f9aa
[0m07:20:43.571602 [debug] [Thread-19 ]: Began executing node test.jaffle_shop.unique_stg_payments_payment_id.3744510712
[0m07:20:43.572163 [debug] [Thread-10 ]: Finished running node test.jaffle_shop.accepted_values_stg_orders_status__placed__shipped__completed__return_pending__returned.080fb20aad
[0m07:20:43.572815 [debug] [Thread-13 ]: Finished running node model.jaffle_shop.customers
[0m07:20:43.573343 [debug] [Thread-14 ]: Finished running node model.jaffle_shop.orders
[0m07:20:43.573865 [debug] [Thread-15 ]: Finished running node test.jaffle_shop.accepted_values_stg_payments_payment_method__credit_card__coupon__bank_transfer__gift_card.3c3820f278
[0m07:20:43.574581 [debug] [Thread-16 ]: Finished running node test.jaffle_shop.not_null_stg_customers_customer_id.e2cfb1f9aa
[0m07:20:43.575132 [debug] [Thread-19 ]: Finished running node test.jaffle_shop.unique_stg_payments_payment_id.3744510712
[0m07:20:43.575577 [debug] [Thread-18 ]: Began executing node test.jaffle_shop.unique_stg_customers_customer_id.c7614daada
[0m07:20:43.576449 [debug] [Thread-16 ]: Began running node test.jaffle_shop.accepted_values_orders_status__placed__shipped__completed__return_pending__returned.be6b5b5ec3
[0m07:20:43.576790 [debug] [Thread-21 ]: Began running node test.jaffle_shop.not_null_customers_customer_id.5c9bf9911d
[0m07:20:43.577159 [debug] [Thread-22 ]: Began running node test.jaffle_shop.not_null_orders_amount.106140f9fd
[0m07:20:43.577496 [debug] [Thread-19 ]: Began running node test.jaffle_shop.not_null_orders_bank_transfer_amount.7743500c49
[0m07:20:43.577802 [debug] [Thread-23 ]: Began running node test.jaffle_shop.not_null_orders_coupon_amount.ab90c90625
[0m07:20:43.578151 [debug] [Thread-24 ]: Began running node test.jaffle_shop.not_null_orders_credit_card_amount.d3ca593b59
[0m07:20:43.578684 [debug] [Thread-18 ]: Finished running node test.jaffle_shop.unique_stg_customers_customer_id.c7614daada
[0m07:20:43.578987 [debug] [Thread-4  ]: Began running node test.jaffle_shop.not_null_orders_customer_id.c5f02694af
[0m07:20:43.579311 [debug] [Thread-1  ]: Began running node test.jaffle_shop.not_null_orders_gift_card_amount.413a0d2d7a
[0m07:20:43.579654 [debug] [Thread-16 ]: Re-using an available connection from the pool (formerly test.jaffle_shop.not_null_stg_customers_customer_id.e2cfb1f9aa, now test.jaffle_shop.accepted_values_orders_status__placed__shipped__completed__return_pending__returned.be6b5b5ec3)
[0m07:20:43.579969 [debug] [Thread-6  ]: Began running node test.jaffle_shop.not_null_orders_order_id.cf6c17daed
[0m07:20:43.580303 [debug] [Thread-2  ]: Began running node test.jaffle_shop.relationships_orders_customer_id__customer_id__ref_customers_.c6ec7f58f2
[0m07:20:43.580710 [debug] [Thread-21 ]: Acquiring new duckdb connection 'test.jaffle_shop.not_null_customers_customer_id.5c9bf9911d'
[0m07:20:43.581029 [debug] [Thread-3  ]: Began running node test.jaffle_shop.unique_customers_customer_id.c5af1ff4b1
[0m07:20:43.581362 [debug] [Thread-9  ]: Began running node test.jaffle_shop.unique_orders_order_id.fed79b3a6e
[0m07:20:43.581788 [debug] [Thread-22 ]: Acquiring new duckdb connection 'test.jaffle_shop.not_null_orders_amount.106140f9fd'
[0m07:20:43.582142 [debug] [Thread-19 ]: Re-using an available connection from the pool (formerly test.jaffle_shop.unique_stg_payments_payment_id.3744510712, now test.jaffle_shop.not_null_orders_bank_transfer_amount.7743500c49)
[0m07:20:43.582547 [debug] [Thread-23 ]: Acquiring new duckdb connection 'test.jaffle_shop.not_null_orders_coupon_amount.ab90c90625'
[0m07:20:43.584958 [debug] [Thread-24 ]: Acquiring new duckdb connection 'test.jaffle_shop.not_null_orders_credit_card_amount.d3ca593b59'
[0m07:20:43.585693 [debug] [Thread-4  ]: Acquiring new duckdb connection 'test.jaffle_shop.not_null_orders_customer_id.c5f02694af'
[0m07:20:43.586057 [debug] [Thread-1  ]: Re-using an available connection from the pool (formerly seed.jaffle_shop.raw_customers, now test.jaffle_shop.not_null_orders_gift_card_amount.413a0d2d7a)
[0m07:20:43.586398 [debug] [Thread-16 ]: Began compiling node test.jaffle_shop.accepted_values_orders_status__placed__shipped__completed__return_pending__returned.be6b5b5ec3
[0m07:20:43.586798 [debug] [Thread-6  ]: Acquiring new duckdb connection 'test.jaffle_shop.not_null_orders_order_id.cf6c17daed'
[0m07:20:43.587139 [debug] [Thread-2  ]: Re-using an available connection from the pool (formerly seed.jaffle_shop.raw_orders, now test.jaffle_shop.relationships_orders_customer_id__customer_id__ref_customers_.c6ec7f58f2)
[0m07:20:43.587458 [debug] [Thread-21 ]: Began compiling node test.jaffle_shop.not_null_customers_customer_id.5c9bf9911d
[0m07:20:43.587786 [debug] [Thread-3  ]: Re-using an available connection from the pool (formerly seed.jaffle_shop.raw_payments, now test.jaffle_shop.unique_customers_customer_id.c5af1ff4b1)
[0m07:20:43.588276 [debug] [Thread-9  ]: Acquiring new duckdb connection 'test.jaffle_shop.unique_orders_order_id.fed79b3a6e'
[0m07:20:43.588596 [debug] [Thread-22 ]: Began compiling node test.jaffle_shop.not_null_orders_amount.106140f9fd
[0m07:20:43.588910 [debug] [Thread-19 ]: Began compiling node test.jaffle_shop.not_null_orders_bank_transfer_amount.7743500c49
[0m07:20:43.589241 [debug] [Thread-23 ]: Began compiling node test.jaffle_shop.not_null_orders_coupon_amount.ab90c90625
[0m07:20:43.589571 [debug] [Thread-24 ]: Began compiling node test.jaffle_shop.not_null_orders_credit_card_amount.d3ca593b59
[0m07:20:43.589890 [debug] [Thread-4  ]: Began compiling node test.jaffle_shop.not_null_orders_customer_id.c5f02694af
[0m07:20:43.590207 [debug] [Thread-1  ]: Began compiling node test.jaffle_shop.not_null_orders_gift_card_amount.413a0d2d7a
[0m07:20:43.594449 [debug] [Thread-16 ]: Writing injected SQL for node "test.jaffle_shop.accepted_values_orders_status__placed__shipped__completed__return_pending__returned.be6b5b5ec3"
[0m07:20:43.594809 [debug] [Thread-6  ]: Began compiling node test.jaffle_shop.not_null_orders_order_id.cf6c17daed
[0m07:20:43.595136 [debug] [Thread-2  ]: Began compiling node test.jaffle_shop.relationships_orders_customer_id__customer_id__ref_customers_.c6ec7f58f2
[0m07:20:43.599916 [debug] [Thread-21 ]: Writing injected SQL for node "test.jaffle_shop.not_null_customers_customer_id.5c9bf9911d"
[0m07:20:43.600269 [debug] [Thread-3  ]: Began compiling node test.jaffle_shop.unique_customers_customer_id.c5af1ff4b1
[0m07:20:43.600608 [debug] [Thread-9  ]: Began compiling node test.jaffle_shop.unique_orders_order_id.fed79b3a6e
[0m07:20:43.604103 [debug] [Thread-22 ]: Writing injected SQL for node "test.jaffle_shop.not_null_orders_amount.106140f9fd"
[0m07:20:43.607542 [debug] [Thread-19 ]: Writing injected SQL for node "test.jaffle_shop.not_null_orders_bank_transfer_amount.7743500c49"
[0m07:20:43.611004 [debug] [Thread-23 ]: Writing injected SQL for node "test.jaffle_shop.not_null_orders_coupon_amount.ab90c90625"
[0m07:20:43.614480 [debug] [Thread-24 ]: Writing injected SQL for node "test.jaffle_shop.not_null_orders_credit_card_amount.d3ca593b59"
[0m07:20:43.617925 [debug] [Thread-4  ]: Writing injected SQL for node "test.jaffle_shop.not_null_orders_customer_id.c5f02694af"
[0m07:20:43.621358 [debug] [Thread-1  ]: Writing injected SQL for node "test.jaffle_shop.not_null_orders_gift_card_amount.413a0d2d7a"
[0m07:20:43.626087 [debug] [Thread-6  ]: Writing injected SQL for node "test.jaffle_shop.not_null_orders_order_id.cf6c17daed"
[0m07:20:43.632858 [debug] [Thread-2  ]: Writing injected SQL for node "test.jaffle_shop.relationships_orders_customer_id__customer_id__ref_customers_.c6ec7f58f2"
[0m07:20:43.636287 [debug] [Thread-3  ]: Writing injected SQL for node "test.jaffle_shop.unique_customers_customer_id.c5af1ff4b1"
[0m07:20:43.636662 [debug] [Thread-16 ]: Began executing node test.jaffle_shop.accepted_values_orders_status__placed__shipped__completed__return_pending__returned.be6b5b5ec3
[0m07:20:43.640319 [debug] [Thread-9  ]: Writing injected SQL for node "test.jaffle_shop.unique_orders_order_id.fed79b3a6e"
[0m07:20:43.640875 [debug] [Thread-21 ]: Began executing node test.jaffle_shop.not_null_customers_customer_id.5c9bf9911d
[0m07:20:43.641453 [debug] [Thread-22 ]: Began executing node test.jaffle_shop.not_null_orders_amount.106140f9fd
[0m07:20:43.641875 [debug] [Thread-19 ]: Began executing node test.jaffle_shop.not_null_orders_bank_transfer_amount.7743500c49
[0m07:20:43.642231 [debug] [Thread-24 ]: Began executing node test.jaffle_shop.not_null_orders_credit_card_amount.d3ca593b59
[0m07:20:43.642549 [debug] [Thread-23 ]: Began executing node test.jaffle_shop.not_null_orders_coupon_amount.ab90c90625
[0m07:20:43.643018 [debug] [Thread-1  ]: Began executing node test.jaffle_shop.not_null_orders_gift_card_amount.413a0d2d7a
[0m07:20:43.643832 [debug] [Thread-16 ]: Finished running node test.jaffle_shop.accepted_values_orders_status__placed__shipped__completed__return_pending__returned.be6b5b5ec3
[0m07:20:43.644142 [debug] [Thread-6  ]: Began executing node test.jaffle_shop.not_null_orders_order_id.cf6c17daed
[0m07:20:43.644454 [debug] [Thread-4  ]: Began executing node test.jaffle_shop.not_null_orders_customer_id.c5f02694af
[0m07:20:43.644911 [debug] [Thread-2  ]: Began executing node test.jaffle_shop.relationships_orders_customer_id__customer_id__ref_customers_.c6ec7f58f2
[0m07:20:43.645480 [debug] [Thread-21 ]: Finished running node test.jaffle_shop.not_null_customers_customer_id.5c9bf9911d
[0m07:20:43.645788 [debug] [Thread-3  ]: Began executing node test.jaffle_shop.unique_customers_customer_id.c5af1ff4b1
[0m07:20:43.646348 [debug] [Thread-22 ]: Finished running node test.jaffle_shop.not_null_orders_amount.106140f9fd
[0m07:20:43.646909 [debug] [Thread-19 ]: Finished running node test.jaffle_shop.not_null_orders_bank_transfer_amount.7743500c49
[0m07:20:43.647223 [debug] [Thread-9  ]: Began executing node test.jaffle_shop.unique_orders_order_id.fed79b3a6e
[0m07:20:43.647748 [debug] [Thread-24 ]: Finished running node test.jaffle_shop.not_null_orders_credit_card_amount.d3ca593b59
[0m07:20:43.648367 [debug] [Thread-23 ]: Finished running node test.jaffle_shop.not_null_orders_coupon_amount.ab90c90625
[0m07:20:43.648904 [debug] [Thread-1  ]: Finished running node test.jaffle_shop.not_null_orders_gift_card_amount.413a0d2d7a
[0m07:20:43.649555 [debug] [Thread-6  ]: Finished running node test.jaffle_shop.not_null_orders_order_id.cf6c17daed
[0m07:20:43.650076 [debug] [Thread-4  ]: Finished running node test.jaffle_shop.not_null_orders_customer_id.c5f02694af
[0m07:20:43.650617 [debug] [Thread-2  ]: Finished running node test.jaffle_shop.relationships_orders_customer_id__customer_id__ref_customers_.c6ec7f58f2
[0m07:20:43.651219 [debug] [Thread-3  ]: Finished running node test.jaffle_shop.unique_customers_customer_id.c5af1ff4b1
[0m07:20:43.651875 [debug] [Thread-9  ]: Finished running node test.jaffle_shop.unique_orders_order_id.fed79b3a6e
[0m07:20:43.653449 [debug] [MainThread]: Connection 'master' was properly closed.
[0m07:20:43.653754 [debug] [MainThread]: Connection 'test.jaffle_shop.not_null_orders_gift_card_amount.413a0d2d7a' was properly closed.
[0m07:20:43.654017 [debug] [MainThread]: Connection 'test.jaffle_shop.relationships_orders_customer_id__customer_id__ref_customers_.c6ec7f58f2' was properly closed.
[0m07:20:43.654268 [debug] [MainThread]: Connection 'test.jaffle_shop.unique_customers_customer_id.c5af1ff4b1' was properly closed.
[0m07:20:43.654508 [debug] [MainThread]: Connection 'model.jaffle_shop.stg_customers' was properly closed.
[0m07:20:43.654745 [debug] [MainThread]: Connection 'model.jaffle_shop.stg_orders' was properly closed.
[0m07:20:43.654983 [debug] [MainThread]: Connection 'test.jaffle_shop.not_null_stg_orders_order_id.81cfe2fe64' was properly closed.
[0m07:20:43.655224 [debug] [MainThread]: Connection 'test.jaffle_shop.accepted_values_stg_orders_status__placed__shipped__completed__return_pending__returned.080fb20aad' was properly closed.
[0m07:20:43.655465 [debug] [MainThread]: Connection 'test.jaffle_shop.unique_stg_orders_order_id.e3b841c71a' was properly closed.
[0m07:20:43.655703 [debug] [MainThread]: Connection 'model.jaffle_shop.customers' was properly closed.
[0m07:20:43.655936 [debug] [MainThread]: Connection 'model.jaffle_shop.orders' was properly closed.
[0m07:20:43.656175 [debug] [MainThread]: Connection 'test.jaffle_shop.accepted_values_stg_payments_payment_method__credit_card__coupon__bank_transfer__gift_card.3c3820f278' was properly closed.
[0m07:20:43.656414 [debug] [MainThread]: Connection 'test.jaffle_shop.accepted_values_orders_status__placed__shipped__completed__return_pending__returned.be6b5b5ec3' was properly closed.
[0m07:20:43.656653 [debug] [MainThread]: Connection 'test.jaffle_shop.not_null_stg_payments_payment_id.c19cc50075' was properly closed.
[0m07:20:43.656888 [debug] [MainThread]: Connection 'test.jaffle_shop.not_null_orders_bank_transfer_amount.7743500c49' was properly closed.
[0m07:20:43.657123 [debug] [MainThread]: Connection 'test.jaffle_shop.unique_stg_customers_customer_id.c7614daada' was properly closed.
[0m07:20:43.657358 [debug] [MainThread]: Connection 'test.jaffle_shop.not_null_customers_customer_id.5c9bf9911d' was properly closed.
[0m07:20:43.657592 [debug] [MainThread]: Connection 'test.jaffle_shop.not_null_orders_amount.106140f9fd' was properly closed.
[0m07:20:43.657840 [debug] [MainThread]: Connection 'test.jaffle_shop.not_null_orders_coupon_amount.ab90c90625' was properly closed.
[0m07:20:43.658075 [debug] [MainThread]: Connection 'test.jaffle_shop.not_null_orders_credit_card_amount.d3ca593b59' was properly closed.
[0m07:20:43.658310 [debug] [MainThread]: Connection 'test.jaffle_shop.not_null_orders_customer_id.c5f02694af' was properly closed.
[0m07:20:43.658543 [debug] [MainThread]: Connection 'test.jaffle_shop.not_null_orders_order_id.cf6c17daed' was properly closed.
[0m07:20:43.658775 [debug] [MainThread]: Connection 'test.jaffle_shop.unique_orders_order_id.fed79b3a6e' was properly closed.
[0m07:20:43.662073 [debug] [MainThread]: Command end result
[0m07:20:43.760175 [debug] [MainThread]: Wrote artifact WritableManifest to /Users/n-mjkim/workspace2/test_20260603/dbt-poc/jaffle_shop_duckdb/target/manifest.json
[0m07:20:43.763081 [debug] [MainThread]: Wrote artifact SemanticManifest to /Users/n-mjkim/workspace2/test_20260603/dbt-poc/jaffle_shop_duckdb/target/semantic_manifest.json
[0m07:20:43.770839 [debug] [MainThread]: Wrote artifact RunExecutionResult to /Users/n-mjkim/workspace2/test_20260603/dbt-poc/jaffle_shop_duckdb/target/run_results.json
[0m07:20:43.774208 [debug] [MainThread]: Acquiring new duckdb connection 'generate_catalog'
[0m07:20:43.774530 [info ] [MainThread]: Building catalog
[0m07:20:43.784432 [debug] [ThreadPool]: Acquiring new duckdb connection 'jaffle_shop.information_schema'
[0m07:20:43.790329 [debug] [ThreadPool]: Using duckdb connection "jaffle_shop.information_schema"
[0m07:20:43.790652 [debug] [ThreadPool]: On jaffle_shop.information_schema: BEGIN
[0m07:20:43.790915 [debug] [ThreadPool]: Opening a new connection, currently in state init
[0m07:20:43.791495 [debug] [ThreadPool]: SQL status: OK in 0.001 seconds
[0m07:20:43.791762 [debug] [ThreadPool]: Using duckdb connection "jaffle_shop.information_schema"
[0m07:20:43.792068 [debug] [ThreadPool]: On jaffle_shop.information_schema: /* {"app": "dbt", "dbt_version": "1.10.22", "profile_name": "jaffle_shop", "target_name": "dev", "connection_name": "jaffle_shop.information_schema"} */
with relations AS (
      select
        t.table_name
        , t.database_name
        , t.schema_name
        , 'BASE TABLE' as table_type
        , t.comment as table_comment
      from duckdb_tables() t
      WHERE t.database_name = 'jaffle_shop'
      UNION ALL
      SELECT v.view_name as table_name
      , v.database_name
      , v.schema_name
      , 'VIEW' as table_type
      , v.comment as table_comment
      from duckdb_views() v
      WHERE v.database_name = 'jaffle_shop'
    )
    select
        'jaffle_shop' as table_database,
        r.schema_name as table_schema,
        r.table_name,
        r.table_type,
        r.table_comment,
        c.column_name,
        c.column_index as column_index,
        c.data_type as column_type,
        c.comment as column_comment,
        NULL as table_owner
    FROM relations r JOIN duckdb_columns() c ON r.schema_name = c.schema_name AND r.table_name = c.table_name
    WHERE (upper(r.schema_name) = upper('main'))
    ORDER BY
        r.schema_name,
        r.table_name,
        c.column_index
[0m07:20:43.799198 [debug] [ThreadPool]: SQL status: OK in 0.007 seconds
[0m07:20:43.802753 [debug] [ThreadPool]: On jaffle_shop.information_schema: ROLLBACK
[0m07:20:43.803157 [debug] [ThreadPool]: Failed to rollback 'jaffle_shop.information_schema'
[0m07:20:43.803425 [debug] [ThreadPool]: On jaffle_shop.information_schema: Close
[0m07:20:43.816235 [debug] [MainThread]: Wrote artifact CatalogArtifact to /Users/n-mjkim/workspace2/test_20260603/dbt-poc/jaffle_shop_duckdb/target/catalog.json
[0m07:20:43.843566 [debug] [MainThread]: Wrote artifact WritableManifest to /Users/n-mjkim/workspace2/test_20260603/dbt-poc/jaffle_shop_duckdb/target/manifest.json
[0m07:20:43.845940 [debug] [MainThread]: Wrote artifact SemanticManifest to /Users/n-mjkim/workspace2/test_20260603/dbt-poc/jaffle_shop_duckdb/target/semantic_manifest.json
[0m07:20:43.846271 [info ] [MainThread]: Catalog written to /Users/n-mjkim/workspace2/test_20260603/dbt-poc/jaffle_shop_duckdb/target/catalog.json
[0m07:20:43.849296 [debug] [MainThread]: Resource report: {"command_name": "generate", "command_success": true, "command_wall_clock_time": 1.4322616, "process_in_blocks": "0", "process_kernel_time": 0.376464, "process_mem_max_rss": "145719296", "process_out_blocks": "0", "process_user_time": 2.155712}
[0m07:20:43.849691 [debug] [MainThread]: Command `dbt docs generate` succeeded at 07:20:43.849619 after 1.43 seconds
[0m07:20:43.849993 [debug] [MainThread]: Connection 'generate_catalog' was properly closed.
[0m07:20:43.850247 [debug] [MainThread]: Connection 'jaffle_shop.information_schema' was properly closed.
[0m07:20:43.850554 [debug] [MainThread]: Sending event: {'category': 'dbt', 'action': 'invocation', 'label': 'end', 'context': [<snowplow_tracker.self_describing_json.SelfDescribingJson object at 0x10a81e0a0>, <snowplow_tracker.self_describing_json.SelfDescribingJson object at 0x10bf6b160>, <snowplow_tracker.self_describing_json.SelfDescribingJson object at 0x10bf6b490>]}
[0m07:20:43.850990 [debug] [MainThread]: Flushing usage events
[0m07:20:44.676651 [debug] [MainThread]: An error was encountered while trying to flush usage events
[0m07:53:05.904275 [debug] [MainThread]: Sending event: {'category': 'dbt', 'action': 'invocation', 'label': 'start', 'context': [<snowplow_tracker.self_describing_json.SelfDescribingJson object at 0x10c10adc0>, <snowplow_tracker.self_describing_json.SelfDescribingJson object at 0x10d19ffa0>, <snowplow_tracker.self_describing_json.SelfDescribingJson object at 0x10d19f160>]}


============================== 07:53:05.908539 | 04e096ec-06bd-449b-b37c-51a1c827db2c ==============================
[0m07:53:05.908539 [info ] [MainThread]: Running with dbt=1.10.22
[0m07:53:05.909079 [debug] [MainThread]: running dbt with arguments {'no_print': 'None', 'indirect_selection': 'eager', 'use_colors': 'True', 'printer_width': '80', 'warn_error_options': 'WarnErrorOptionsV2(error=[], warn=[], silence=[])', 'empty': 'None', 'write_json': 'True', 'quiet': 'False', 'partial_parse': 'True', 'introspect': 'True', 'cache_selected_only': 'False', 'fail_fast': 'False', 'invocation_command': 'dbt docs generate', 'profiles_dir': '/Users/n-mjkim/workspace2/test_20260603/dbt-poc/jaffle_shop_duckdb', 'warn_error': 'None', 'debug': 'False', 'static_parser': 'True', 'log_format': 'default', 'log_path': '/Users/n-mjkim/workspace2/test_20260603/dbt-poc/jaffle_shop_duckdb/logs', 'version_check': 'True', 'log_cache_events': 'False', 'send_anonymous_usage_stats': 'True', 'target_path': 'None', 'use_experimental_parser': 'False'}
[0m07:53:06.101830 [error] [MainThread]: Encountered an error:
Runtime Error
  This version of dbt is not supported with the 'jaffle_shop' package.
    Installed version of dbt: =1.10.22
    Required version of dbt for 'jaffle_shop': ['>=1.11.0', '<2.0.0']
  Check for a different version of the 'jaffle_shop' package, or run dbt again with --no-version-check
  

Error encountered in /Users/n-mjkim/workspace2/test_20260603/dbt-poc/jaffle_shop_duckdb/dbt_project.yml
[0m07:53:06.105852 [debug] [MainThread]: Resource report: {"command_name": "generate", "command_success": false, "command_wall_clock_time": 0.27678475, "process_in_blocks": "0", "process_kernel_time": 0.270816, "process_mem_max_rss": "117850112", "process_out_blocks": "0", "process_user_time": 1.329574}
[0m07:53:06.106279 [debug] [MainThread]: Command `dbt docs generate` failed at 07:53:06.106199 after 0.28 seconds
[0m07:53:06.106603 [debug] [MainThread]: Sending event: {'category': 'dbt', 'action': 'invocation', 'label': 'end', 'context': [<snowplow_tracker.self_describing_json.SelfDescribingJson object at 0x10c10adc0>, <snowplow_tracker.self_describing_json.SelfDescribingJson object at 0x10d33eee0>, <snowplow_tracker.self_describing_json.SelfDescribingJson object at 0x10d33eeb0>]}
[0m07:53:06.106935 [debug] [MainThread]: Flushing usage events
[0m07:53:07.042156 [debug] [MainThread]: An error was encountered while trying to flush usage events
[0m07:53:48.823659 [debug] [MainThread]: Sending event: {'category': 'dbt', 'action': 'invocation', 'label': 'start', 'context': [<snowplow_tracker.self_describing_json.SelfDescribingJson object at 0x10c0a6e20>, <snowplow_tracker.self_describing_json.SelfDescribingJson object at 0x10d13ce80>, <snowplow_tracker.self_describing_json.SelfDescribingJson object at 0x10d13c2e0>]}


============================== 07:53:48.828373 | 00a0b26f-c9af-4217-a423-c47924487491 ==============================
[0m07:53:48.828373 [info ] [MainThread]: Running with dbt=1.10.22
[0m07:53:48.828904 [debug] [MainThread]: running dbt with arguments {'warn_error': 'None', 'version_check': 'False', 'profiles_dir': '/Users/n-mjkim/workspace2/test_20260603/dbt-poc/jaffle_shop_duckdb', 'no_print': 'None', 'debug': 'False', 'printer_width': '80', 'log_format': 'default', 'warn_error_options': 'WarnErrorOptionsV2(error=[], warn=[], silence=[])', 'indirect_selection': 'eager', 'introspect': 'True', 'log_cache_events': 'False', 'partial_parse': 'True', 'quiet': 'False', 'write_json': 'True', 'target_path': 'None', 'invocation_command': 'dbt docs generate', 'use_colors': 'True', 'use_experimental_parser': 'False', 'send_anonymous_usage_stats': 'True', 'log_path': '/Users/n-mjkim/workspace2/test_20260603/dbt-poc/jaffle_shop_duckdb/logs', 'static_parser': 'True', 'fail_fast': 'False', 'cache_selected_only': 'False', 'empty': 'None'}
[0m07:53:49.128940 [debug] [MainThread]: Sending event: {'category': 'dbt', 'action': 'project_id', 'label': '00a0b26f-c9af-4217-a423-c47924487491', 'context': [<snowplow_tracker.self_describing_json.SelfDescribingJson object at 0x10d24b1c0>]}
[0m07:53:49.180511 [debug] [MainThread]: Sending event: {'category': 'dbt', 'action': 'adapter_info', 'label': '00a0b26f-c9af-4217-a423-c47924487491', 'context': [<snowplow_tracker.self_describing_json.SelfDescribingJson object at 0x10d0fd1c0>]}
[0m07:53:49.183255 [info ] [MainThread]: Registered adapter: duckdb=1.10.0
[0m07:53:49.305953 [debug] [MainThread]: checksum: 04c83ee057a648a2f8e380c895ffead170732fa039f068d62b9d36aaeefaf7cc, vars: {}, profile: , target: , version: 1.10.22
[0m07:53:49.488832 [debug] [MainThread]: Partial parsing enabled: 0 files deleted, 0 files added, 0 files changed.
[0m07:53:49.489337 [debug] [MainThread]: Partial parsing enabled, no changes found, skipping parsing
[0m07:53:49.544854 [debug] [MainThread]: Sending event: {'category': 'dbt', 'action': 'load_project', 'label': '00a0b26f-c9af-4217-a423-c47924487491', 'context': [<snowplow_tracker.self_describing_json.SelfDescribingJson object at 0x10d791130>]}
[0m07:53:49.571136 [debug] [MainThread]: Sending event: {'category': 'dbt', 'action': 'resource_counts', 'label': '00a0b26f-c9af-4217-a423-c47924487491', 'context': [<snowplow_tracker.self_describing_json.SelfDescribingJson object at 0x10d7d18e0>]}
[0m07:53:49.571748 [info ] [MainThread]: Found 5 models, 3 seeds, 20 data tests, 456 macros
[0m07:53:49.572263 [debug] [MainThread]: Sending event: {'category': 'dbt', 'action': 'runnable_timing', 'label': '00a0b26f-c9af-4217-a423-c47924487491', 'context': [<snowplow_tracker.self_describing_json.SelfDescribingJson object at 0x10d7d1850>]}
[0m07:53:49.574182 [info ] [MainThread]: 
[0m07:53:49.574515 [info ] [MainThread]: Concurrency: 24 threads (target='dev')
[0m07:53:49.574785 [info ] [MainThread]: 
[0m07:53:49.575225 [debug] [MainThread]: Acquiring new duckdb connection 'master'
[0m07:53:49.580434 [debug] [ThreadPool]: Acquiring new duckdb connection 'list_jaffle_shop_main'
[0m07:53:49.736085 [debug] [ThreadPool]: Using duckdb connection "list_jaffle_shop_main"
[0m07:53:49.736574 [debug] [ThreadPool]: On list_jaffle_shop_main: BEGIN
[0m07:53:49.736849 [debug] [ThreadPool]: Opening a new connection, currently in state init
[0m07:53:49.753418 [debug] [ThreadPool]: SQL status: OK in 0.017 seconds
[0m07:53:49.753773 [debug] [ThreadPool]: Using duckdb connection "list_jaffle_shop_main"
[0m07:53:49.754059 [debug] [ThreadPool]: On list_jaffle_shop_main: /* {"app": "dbt", "dbt_version": "1.10.22", "profile_name": "jaffle_shop", "target_name": "dev", "connection_name": "list_jaffle_shop_main"} */
select
      'jaffle_shop' as database,
      table_name as name,
      table_schema as schema,
      CASE table_type
        WHEN 'BASE TABLE' THEN 'table'
        WHEN 'VIEW' THEN 'view'
        WHEN 'LOCAL TEMPORARY' THEN 'table'
        END as type
    from system.information_schema.tables
    where lower(table_schema) = 'main'
    and lower(table_catalog) = 'jaffle_shop'
  
[0m07:53:49.773127 [debug] [ThreadPool]: SQL status: OK in 0.019 seconds
[0m07:53:49.775083 [debug] [ThreadPool]: On list_jaffle_shop_main: ROLLBACK
[0m07:53:49.777003 [debug] [ThreadPool]: Failed to rollback 'list_jaffle_shop_main'
[0m07:53:49.777279 [debug] [ThreadPool]: On list_jaffle_shop_main: Close
[0m07:53:49.778729 [debug] [MainThread]: Sending event: {'category': 'dbt', 'action': 'runnable_timing', 'label': '00a0b26f-c9af-4217-a423-c47924487491', 'context': [<snowplow_tracker.self_describing_json.SelfDescribingJson object at 0x10d1fd880>]}
[0m07:53:49.782555 [debug] [Thread-1  ]: Began running node seed.jaffle_shop.raw_customers
[0m07:53:49.782909 [debug] [Thread-2  ]: Began running node seed.jaffle_shop.raw_orders
[0m07:53:49.783281 [debug] [Thread-1  ]: Re-using an available connection from the pool (formerly list_jaffle_shop_main, now seed.jaffle_shop.raw_customers)
[0m07:53:49.783651 [debug] [Thread-3  ]: Began running node seed.jaffle_shop.raw_payments
[0m07:53:49.784101 [debug] [Thread-2  ]: Acquiring new duckdb connection 'seed.jaffle_shop.raw_orders'
[0m07:53:49.784425 [debug] [Thread-1  ]: Began compiling node seed.jaffle_shop.raw_customers
[0m07:53:49.784861 [debug] [Thread-3  ]: Acquiring new duckdb connection 'seed.jaffle_shop.raw_payments'
[0m07:53:49.785208 [debug] [Thread-2  ]: Began compiling node seed.jaffle_shop.raw_orders
[0m07:53:49.792288 [debug] [Thread-1  ]: Began executing node seed.jaffle_shop.raw_customers
[0m07:53:49.792615 [debug] [Thread-3  ]: Began compiling node seed.jaffle_shop.raw_payments
[0m07:53:49.794509 [debug] [Thread-2  ]: Began executing node seed.jaffle_shop.raw_orders
[0m07:53:49.795080 [debug] [Thread-1  ]: Finished running node seed.jaffle_shop.raw_customers
[0m07:53:49.796851 [debug] [Thread-3  ]: Began executing node seed.jaffle_shop.raw_payments
[0m07:53:49.797383 [debug] [Thread-2  ]: Finished running node seed.jaffle_shop.raw_orders
[0m07:53:49.798065 [debug] [Thread-3  ]: Finished running node seed.jaffle_shop.raw_payments
[0m07:53:49.798393 [debug] [Thread-5  ]: Began running node model.jaffle_shop.stg_customers
[0m07:53:49.798829 [debug] [Thread-7  ]: Began running node model.jaffle_shop.stg_orders
[0m07:53:49.799233 [debug] [Thread-9  ]: Began running node model.jaffle_shop.stg_payments
[0m07:53:49.799679 [debug] [Thread-5  ]: Acquiring new duckdb connection 'model.jaffle_shop.stg_customers'
[0m07:53:49.800086 [debug] [Thread-7  ]: Acquiring new duckdb connection 'model.jaffle_shop.stg_orders'
[0m07:53:49.800484 [debug] [Thread-9  ]: Acquiring new duckdb connection 'model.jaffle_shop.stg_payments'
[0m07:53:49.800798 [debug] [Thread-5  ]: Began compiling node model.jaffle_shop.stg_customers
[0m07:53:49.801100 [debug] [Thread-7  ]: Began compiling node model.jaffle_shop.stg_orders
[0m07:53:49.801415 [debug] [Thread-9  ]: Began compiling node model.jaffle_shop.stg_payments
[0m07:53:49.804054 [debug] [Thread-5  ]: Writing injected SQL for node "model.jaffle_shop.stg_customers"
[0m07:53:49.806755 [debug] [Thread-7  ]: Writing injected SQL for node "model.jaffle_shop.stg_orders"
[0m07:53:49.810194 [debug] [Thread-9  ]: Writing injected SQL for node "model.jaffle_shop.stg_payments"
[0m07:53:49.811073 [debug] [Thread-5  ]: Began executing node model.jaffle_shop.stg_customers
[0m07:53:49.811406 [debug] [Thread-9  ]: Began executing node model.jaffle_shop.stg_payments
[0m07:53:49.811729 [debug] [Thread-7  ]: Began executing node model.jaffle_shop.stg_orders
[0m07:53:49.812293 [debug] [Thread-5  ]: Finished running node model.jaffle_shop.stg_customers
[0m07:53:49.812835 [debug] [Thread-9  ]: Finished running node model.jaffle_shop.stg_payments
[0m07:53:49.813348 [debug] [Thread-7  ]: Finished running node model.jaffle_shop.stg_orders
[0m07:53:49.813891 [debug] [Thread-7  ]: Began running node test.jaffle_shop.not_null_stg_customers_customer_id.e2cfb1f9aa
[0m07:53:49.814276 [debug] [Thread-11 ]: Began running node test.jaffle_shop.unique_stg_customers_customer_id.c7614daada
[0m07:53:49.814613 [debug] [Thread-7  ]: Re-using an available connection from the pool (formerly model.jaffle_shop.stg_orders, now test.jaffle_shop.not_null_stg_customers_customer_id.e2cfb1f9aa)
[0m07:53:49.814979 [debug] [Thread-12 ]: Began running node test.jaffle_shop.accepted_values_stg_payments_payment_method__credit_card__coupon__bank_transfer__gift_card.3c3820f278
[0m07:53:49.815368 [debug] [Thread-13 ]: Began running node test.jaffle_shop.not_null_stg_payments_payment_id.c19cc50075
[0m07:53:49.815765 [debug] [Thread-11 ]: Acquiring new duckdb connection 'test.jaffle_shop.unique_stg_customers_customer_id.c7614daada'
[0m07:53:49.816062 [debug] [Thread-14 ]: Began running node test.jaffle_shop.unique_stg_payments_payment_id.3744510712
[0m07:53:49.816391 [debug] [Thread-15 ]: Began running node model.jaffle_shop.customers
[0m07:53:49.816778 [debug] [Thread-16 ]: Began running node model.jaffle_shop.orders
[0m07:53:49.817067 [debug] [Thread-7  ]: Began compiling node test.jaffle_shop.not_null_stg_customers_customer_id.e2cfb1f9aa
[0m07:53:49.817387 [debug] [Thread-17 ]: Began running node test.jaffle_shop.accepted_values_stg_orders_status__placed__shipped__completed__return_pending__returned.080fb20aad
[0m07:53:49.817709 [debug] [Thread-18 ]: Began running node test.jaffle_shop.not_null_stg_orders_order_id.81cfe2fe64
[0m07:53:49.818096 [debug] [Thread-12 ]: Acquiring new duckdb connection 'test.jaffle_shop.accepted_values_stg_payments_payment_method__credit_card__coupon__bank_transfer__gift_card.3c3820f278'
[0m07:53:49.818392 [debug] [Thread-19 ]: Began running node test.jaffle_shop.unique_stg_orders_order_id.e3b841c71a
[0m07:53:49.818793 [debug] [Thread-13 ]: Acquiring new duckdb connection 'test.jaffle_shop.not_null_stg_payments_payment_id.c19cc50075'
[0m07:53:49.819114 [debug] [Thread-11 ]: Began compiling node test.jaffle_shop.unique_stg_customers_customer_id.c7614daada
[0m07:53:49.819499 [debug] [Thread-14 ]: Acquiring new duckdb connection 'test.jaffle_shop.unique_stg_payments_payment_id.3744510712'
[0m07:53:49.819957 [debug] [Thread-15 ]: Acquiring new duckdb connection 'model.jaffle_shop.customers'
[0m07:53:49.820339 [debug] [Thread-16 ]: Acquiring new duckdb connection 'model.jaffle_shop.orders'
[0m07:53:49.830748 [debug] [Thread-7  ]: Writing injected SQL for node "test.jaffle_shop.not_null_stg_customers_customer_id.e2cfb1f9aa"
[0m07:53:49.831163 [debug] [Thread-17 ]: Acquiring new duckdb connection 'test.jaffle_shop.accepted_values_stg_orders_status__placed__shipped__completed__return_pending__returned.080fb20aad'
[0m07:53:49.831555 [debug] [Thread-18 ]: Acquiring new duckdb connection 'test.jaffle_shop.not_null_stg_orders_order_id.81cfe2fe64'
[0m07:53:49.831879 [debug] [Thread-12 ]: Began compiling node test.jaffle_shop.accepted_values_stg_payments_payment_method__credit_card__coupon__bank_transfer__gift_card.3c3820f278
[0m07:53:49.832258 [debug] [Thread-19 ]: Acquiring new duckdb connection 'test.jaffle_shop.unique_stg_orders_order_id.e3b841c71a'
[0m07:53:49.832564 [debug] [Thread-13 ]: Began compiling node test.jaffle_shop.not_null_stg_payments_payment_id.c19cc50075
[0m07:53:49.837905 [debug] [Thread-11 ]: Writing injected SQL for node "test.jaffle_shop.unique_stg_customers_customer_id.c7614daada"
[0m07:53:49.838238 [debug] [Thread-14 ]: Began compiling node test.jaffle_shop.unique_stg_payments_payment_id.3744510712
[0m07:53:49.838586 [debug] [Thread-15 ]: Began compiling node model.jaffle_shop.customers
[0m07:53:49.838891 [debug] [Thread-16 ]: Began compiling node model.jaffle_shop.orders
[0m07:53:49.839273 [debug] [Thread-17 ]: Began compiling node test.jaffle_shop.accepted_values_stg_orders_status__placed__shipped__completed__return_pending__returned.080fb20aad
[0m07:53:49.839597 [debug] [Thread-18 ]: Began compiling node test.jaffle_shop.not_null_stg_orders_order_id.81cfe2fe64
[0m07:53:49.845552 [debug] [Thread-19 ]: Began compiling node test.jaffle_shop.unique_stg_orders_order_id.e3b841c71a
[0m07:53:49.848198 [debug] [Thread-12 ]: Writing injected SQL for node "test.jaffle_shop.accepted_values_stg_payments_payment_method__credit_card__coupon__bank_transfer__gift_card.3c3820f278"
[0m07:53:49.851679 [debug] [Thread-13 ]: Writing injected SQL for node "test.jaffle_shop.not_null_stg_payments_payment_id.c19cc50075"
[0m07:53:49.852010 [debug] [Thread-7  ]: Began executing node test.jaffle_shop.not_null_stg_customers_customer_id.e2cfb1f9aa
[0m07:53:49.855546 [debug] [Thread-14 ]: Writing injected SQL for node "test.jaffle_shop.unique_stg_payments_payment_id.3744510712"
[0m07:53:49.859490 [debug] [Thread-15 ]: Writing injected SQL for node "model.jaffle_shop.customers"
[0m07:53:49.863367 [debug] [Thread-16 ]: Writing injected SQL for node "model.jaffle_shop.orders"
[0m07:53:49.863708 [debug] [Thread-11 ]: Began executing node test.jaffle_shop.unique_stg_customers_customer_id.c7614daada
[0m07:53:49.869269 [debug] [Thread-17 ]: Writing injected SQL for node "test.jaffle_shop.accepted_values_stg_orders_status__placed__shipped__completed__return_pending__returned.080fb20aad"
[0m07:53:49.872865 [debug] [Thread-18 ]: Writing injected SQL for node "test.jaffle_shop.not_null_stg_orders_order_id.81cfe2fe64"
[0m07:53:49.876265 [debug] [Thread-19 ]: Writing injected SQL for node "test.jaffle_shop.unique_stg_orders_order_id.e3b841c71a"
[0m07:53:49.876988 [debug] [Thread-7  ]: Finished running node test.jaffle_shop.not_null_stg_customers_customer_id.e2cfb1f9aa
[0m07:53:49.877512 [debug] [Thread-13 ]: Began executing node test.jaffle_shop.not_null_stg_payments_payment_id.c19cc50075
[0m07:53:49.877871 [debug] [Thread-12 ]: Began executing node test.jaffle_shop.accepted_values_stg_payments_payment_method__credit_card__coupon__bank_transfer__gift_card.3c3820f278
[0m07:53:49.878471 [debug] [Thread-11 ]: Finished running node test.jaffle_shop.unique_stg_customers_customer_id.c7614daada
[0m07:53:49.878929 [debug] [Thread-14 ]: Began executing node test.jaffle_shop.unique_stg_payments_payment_id.3744510712
[0m07:53:49.879267 [debug] [Thread-16 ]: Began executing node model.jaffle_shop.orders
[0m07:53:49.879657 [debug] [Thread-15 ]: Began executing node model.jaffle_shop.customers
[0m07:53:49.880053 [debug] [Thread-17 ]: Began executing node test.jaffle_shop.accepted_values_stg_orders_status__placed__shipped__completed__return_pending__returned.080fb20aad
[0m07:53:49.880616 [debug] [Thread-13 ]: Finished running node test.jaffle_shop.not_null_stg_payments_payment_id.c19cc50075
[0m07:53:49.881233 [debug] [Thread-12 ]: Finished running node test.jaffle_shop.accepted_values_stg_payments_payment_method__credit_card__coupon__bank_transfer__gift_card.3c3820f278
[0m07:53:49.881608 [debug] [Thread-18 ]: Began executing node test.jaffle_shop.not_null_stg_orders_order_id.81cfe2fe64
[0m07:53:49.881972 [debug] [Thread-19 ]: Began executing node test.jaffle_shop.unique_stg_orders_order_id.e3b841c71a
[0m07:53:49.882496 [debug] [Thread-14 ]: Finished running node test.jaffle_shop.unique_stg_payments_payment_id.3744510712
[0m07:53:49.883014 [debug] [Thread-16 ]: Finished running node model.jaffle_shop.orders
[0m07:53:49.883520 [debug] [Thread-15 ]: Finished running node model.jaffle_shop.customers
[0m07:53:49.884145 [debug] [Thread-17 ]: Finished running node test.jaffle_shop.accepted_values_stg_orders_status__placed__shipped__completed__return_pending__returned.080fb20aad
[0m07:53:49.884787 [debug] [Thread-18 ]: Finished running node test.jaffle_shop.not_null_stg_orders_order_id.81cfe2fe64
[0m07:53:49.885312 [debug] [Thread-19 ]: Finished running node test.jaffle_shop.unique_stg_orders_order_id.e3b841c71a
[0m07:53:49.886072 [debug] [Thread-17 ]: Began running node test.jaffle_shop.accepted_values_orders_status__placed__shipped__completed__return_pending__returned.be6b5b5ec3
[0m07:53:49.886371 [debug] [Thread-21 ]: Began running node test.jaffle_shop.not_null_orders_amount.106140f9fd
[0m07:53:49.886697 [debug] [Thread-22 ]: Began running node test.jaffle_shop.not_null_orders_bank_transfer_amount.7743500c49
[0m07:53:49.887043 [debug] [Thread-18 ]: Began running node test.jaffle_shop.not_null_orders_coupon_amount.ab90c90625
[0m07:53:49.887341 [debug] [Thread-23 ]: Began running node test.jaffle_shop.not_null_orders_credit_card_amount.d3ca593b59
[0m07:53:49.887664 [debug] [Thread-24 ]: Began running node test.jaffle_shop.not_null_orders_customer_id.c5f02694af
[0m07:53:49.887994 [debug] [Thread-4  ]: Began running node test.jaffle_shop.not_null_orders_gift_card_amount.413a0d2d7a
[0m07:53:49.888323 [debug] [Thread-19 ]: Began running node test.jaffle_shop.not_null_orders_order_id.cf6c17daed
[0m07:53:49.888649 [debug] [Thread-1  ]: Began running node test.jaffle_shop.unique_orders_order_id.fed79b3a6e
[0m07:53:49.888985 [debug] [Thread-6  ]: Began running node test.jaffle_shop.not_null_customers_customer_id.5c9bf9911d
[0m07:53:49.889320 [debug] [Thread-17 ]: Re-using an available connection from the pool (formerly test.jaffle_shop.accepted_values_stg_orders_status__placed__shipped__completed__return_pending__returned.080fb20aad, now test.jaffle_shop.accepted_values_orders_status__placed__shipped__completed__return_pending__returned.be6b5b5ec3)
[0m07:53:49.889637 [debug] [Thread-2  ]: Began running node test.jaffle_shop.relationships_orders_customer_id__customer_id__ref_customers_.c6ec7f58f2
[0m07:53:49.889955 [debug] [Thread-3  ]: Began running node test.jaffle_shop.unique_customers_customer_id.c5af1ff4b1
[0m07:53:49.890345 [debug] [Thread-21 ]: Acquiring new duckdb connection 'test.jaffle_shop.not_null_orders_amount.106140f9fd'
[0m07:53:49.890748 [debug] [Thread-22 ]: Acquiring new duckdb connection 'test.jaffle_shop.not_null_orders_bank_transfer_amount.7743500c49'
[0m07:53:49.891078 [debug] [Thread-18 ]: Re-using an available connection from the pool (formerly test.jaffle_shop.not_null_stg_orders_order_id.81cfe2fe64, now test.jaffle_shop.not_null_orders_coupon_amount.ab90c90625)
[0m07:53:49.891467 [debug] [Thread-23 ]: Acquiring new duckdb connection 'test.jaffle_shop.not_null_orders_credit_card_amount.d3ca593b59'
[0m07:53:49.891843 [debug] [Thread-24 ]: Acquiring new duckdb connection 'test.jaffle_shop.not_null_orders_customer_id.c5f02694af'
[0m07:53:49.892216 [debug] [Thread-4  ]: Acquiring new duckdb connection 'test.jaffle_shop.not_null_orders_gift_card_amount.413a0d2d7a'
[0m07:53:49.892536 [debug] [Thread-19 ]: Re-using an available connection from the pool (formerly test.jaffle_shop.unique_stg_orders_order_id.e3b841c71a, now test.jaffle_shop.not_null_orders_order_id.cf6c17daed)
[0m07:53:49.892859 [debug] [Thread-1  ]: Re-using an available connection from the pool (formerly seed.jaffle_shop.raw_customers, now test.jaffle_shop.unique_orders_order_id.fed79b3a6e)
[0m07:53:49.893238 [debug] [Thread-6  ]: Acquiring new duckdb connection 'test.jaffle_shop.not_null_customers_customer_id.5c9bf9911d'
[0m07:53:49.893552 [debug] [Thread-17 ]: Began compiling node test.jaffle_shop.accepted_values_orders_status__placed__shipped__completed__return_pending__returned.be6b5b5ec3
[0m07:53:49.893891 [debug] [Thread-2  ]: Re-using an available connection from the pool (formerly seed.jaffle_shop.raw_orders, now test.jaffle_shop.relationships_orders_customer_id__customer_id__ref_customers_.c6ec7f58f2)
[0m07:53:49.894230 [debug] [Thread-3  ]: Re-using an available connection from the pool (formerly seed.jaffle_shop.raw_payments, now test.jaffle_shop.unique_customers_customer_id.c5af1ff4b1)
[0m07:53:49.894541 [debug] [Thread-21 ]: Began compiling node test.jaffle_shop.not_null_orders_amount.106140f9fd
[0m07:53:49.894844 [debug] [Thread-22 ]: Began compiling node test.jaffle_shop.not_null_orders_bank_transfer_amount.7743500c49
[0m07:53:49.895244 [debug] [Thread-18 ]: Began compiling node test.jaffle_shop.not_null_orders_coupon_amount.ab90c90625
[0m07:53:49.895550 [debug] [Thread-23 ]: Began compiling node test.jaffle_shop.not_null_orders_credit_card_amount.d3ca593b59
[0m07:53:49.895851 [debug] [Thread-24 ]: Began compiling node test.jaffle_shop.not_null_orders_customer_id.c5f02694af
[0m07:53:49.896150 [debug] [Thread-4  ]: Began compiling node test.jaffle_shop.not_null_orders_gift_card_amount.413a0d2d7a
[0m07:53:49.896448 [debug] [Thread-19 ]: Began compiling node test.jaffle_shop.not_null_orders_order_id.cf6c17daed
[0m07:53:49.896743 [debug] [Thread-1  ]: Began compiling node test.jaffle_shop.unique_orders_order_id.fed79b3a6e
[0m07:53:49.897039 [debug] [Thread-6  ]: Began compiling node test.jaffle_shop.not_null_customers_customer_id.5c9bf9911d
[0m07:53:49.900841 [debug] [Thread-17 ]: Writing injected SQL for node "test.jaffle_shop.accepted_values_orders_status__placed__shipped__completed__return_pending__returned.be6b5b5ec3"
[0m07:53:49.901175 [debug] [Thread-2  ]: Began compiling node test.jaffle_shop.relationships_orders_customer_id__customer_id__ref_customers_.c6ec7f58f2
[0m07:53:49.901480 [debug] [Thread-3  ]: Began compiling node test.jaffle_shop.unique_customers_customer_id.c5af1ff4b1
[0m07:53:49.906086 [debug] [Thread-21 ]: Writing injected SQL for node "test.jaffle_shop.not_null_orders_amount.106140f9fd"
[0m07:53:49.909462 [debug] [Thread-22 ]: Writing injected SQL for node "test.jaffle_shop.not_null_orders_bank_transfer_amount.7743500c49"
[0m07:53:49.912804 [debug] [Thread-18 ]: Writing injected SQL for node "test.jaffle_shop.not_null_orders_coupon_amount.ab90c90625"
[0m07:53:49.916044 [debug] [Thread-23 ]: Writing injected SQL for node "test.jaffle_shop.not_null_orders_credit_card_amount.d3ca593b59"
[0m07:53:49.919325 [debug] [Thread-24 ]: Writing injected SQL for node "test.jaffle_shop.not_null_orders_customer_id.c5f02694af"
[0m07:53:49.922841 [debug] [Thread-4  ]: Writing injected SQL for node "test.jaffle_shop.not_null_orders_gift_card_amount.413a0d2d7a"
[0m07:53:49.926209 [debug] [Thread-19 ]: Writing injected SQL for node "test.jaffle_shop.not_null_orders_order_id.cf6c17daed"
[0m07:53:49.930685 [debug] [Thread-1  ]: Writing injected SQL for node "test.jaffle_shop.unique_orders_order_id.fed79b3a6e"
[0m07:53:49.933936 [debug] [Thread-6  ]: Writing injected SQL for node "test.jaffle_shop.not_null_customers_customer_id.5c9bf9911d"
[0m07:53:49.943766 [debug] [Thread-3  ]: Writing injected SQL for node "test.jaffle_shop.unique_customers_customer_id.c5af1ff4b1"
[0m07:53:49.944153 [debug] [Thread-2  ]: Writing injected SQL for node "test.jaffle_shop.relationships_orders_customer_id__customer_id__ref_customers_.c6ec7f58f2"
[0m07:53:49.944637 [debug] [Thread-17 ]: Began executing node test.jaffle_shop.accepted_values_orders_status__placed__shipped__completed__return_pending__returned.be6b5b5ec3
[0m07:53:49.945354 [debug] [Thread-22 ]: Began executing node test.jaffle_shop.not_null_orders_bank_transfer_amount.7743500c49
[0m07:53:49.945696 [debug] [Thread-21 ]: Began executing node test.jaffle_shop.not_null_orders_amount.106140f9fd
[0m07:53:49.946195 [debug] [Thread-24 ]: Began executing node test.jaffle_shop.not_null_orders_customer_id.c5f02694af
[0m07:53:49.946525 [debug] [Thread-18 ]: Began executing node test.jaffle_shop.not_null_orders_coupon_amount.ab90c90625
[0m07:53:49.946857 [debug] [Thread-23 ]: Began executing node test.jaffle_shop.not_null_orders_credit_card_amount.d3ca593b59
[0m07:53:49.947159 [debug] [Thread-1  ]: Began executing node test.jaffle_shop.unique_orders_order_id.fed79b3a6e
[0m07:53:49.947517 [debug] [Thread-19 ]: Began executing node test.jaffle_shop.not_null_orders_order_id.cf6c17daed
[0m07:53:49.947843 [debug] [Thread-6  ]: Began executing node test.jaffle_shop.not_null_customers_customer_id.5c9bf9911d
[0m07:53:49.948162 [debug] [Thread-4  ]: Began executing node test.jaffle_shop.not_null_orders_gift_card_amount.413a0d2d7a
[0m07:53:49.948742 [debug] [Thread-17 ]: Finished running node test.jaffle_shop.accepted_values_orders_status__placed__shipped__completed__return_pending__returned.be6b5b5ec3
[0m07:53:49.949310 [debug] [Thread-22 ]: Finished running node test.jaffle_shop.not_null_orders_bank_transfer_amount.7743500c49
[0m07:53:49.949640 [debug] [Thread-3  ]: Began executing node test.jaffle_shop.unique_customers_customer_id.c5af1ff4b1
[0m07:53:49.950155 [debug] [Thread-21 ]: Finished running node test.jaffle_shop.not_null_orders_amount.106140f9fd
[0m07:53:49.950451 [debug] [Thread-2  ]: Began executing node test.jaffle_shop.relationships_orders_customer_id__customer_id__ref_customers_.c6ec7f58f2
[0m07:53:49.950968 [debug] [Thread-24 ]: Finished running node test.jaffle_shop.not_null_orders_customer_id.c5f02694af
[0m07:53:49.951487 [debug] [Thread-18 ]: Finished running node test.jaffle_shop.not_null_orders_coupon_amount.ab90c90625
[0m07:53:49.952003 [debug] [Thread-23 ]: Finished running node test.jaffle_shop.not_null_orders_credit_card_amount.d3ca593b59
[0m07:53:49.952532 [debug] [Thread-1  ]: Finished running node test.jaffle_shop.unique_orders_order_id.fed79b3a6e
[0m07:53:49.953044 [debug] [Thread-19 ]: Finished running node test.jaffle_shop.not_null_orders_order_id.cf6c17daed
[0m07:53:49.953578 [debug] [Thread-6  ]: Finished running node test.jaffle_shop.not_null_customers_customer_id.5c9bf9911d
[0m07:53:49.954099 [debug] [Thread-4  ]: Finished running node test.jaffle_shop.not_null_orders_gift_card_amount.413a0d2d7a
[0m07:53:49.954753 [debug] [Thread-3  ]: Finished running node test.jaffle_shop.unique_customers_customer_id.c5af1ff4b1
[0m07:53:49.955331 [debug] [Thread-2  ]: Finished running node test.jaffle_shop.relationships_orders_customer_id__customer_id__ref_customers_.c6ec7f58f2
[0m07:53:49.956662 [debug] [MainThread]: Connection 'master' was properly closed.
[0m07:53:49.956929 [debug] [MainThread]: Connection 'test.jaffle_shop.unique_orders_order_id.fed79b3a6e' was properly closed.
[0m07:53:49.957174 [debug] [MainThread]: Connection 'test.jaffle_shop.relationships_orders_customer_id__customer_id__ref_customers_.c6ec7f58f2' was properly closed.
[0m07:53:49.957413 [debug] [MainThread]: Connection 'test.jaffle_shop.unique_customers_customer_id.c5af1ff4b1' was properly closed.
[0m07:53:49.957649 [debug] [MainThread]: Connection 'model.jaffle_shop.stg_customers' was properly closed.
[0m07:53:49.957883 [debug] [MainThread]: Connection 'test.jaffle_shop.not_null_stg_customers_customer_id.e2cfb1f9aa' was properly closed.
[0m07:53:49.958117 [debug] [MainThread]: Connection 'model.jaffle_shop.stg_payments' was properly closed.
[0m07:53:49.958353 [debug] [MainThread]: Connection 'test.jaffle_shop.unique_stg_customers_customer_id.c7614daada' was properly closed.
[0m07:53:49.958588 [debug] [MainThread]: Connection 'test.jaffle_shop.accepted_values_stg_payments_payment_method__credit_card__coupon__bank_transfer__gift_card.3c3820f278' was properly closed.
[0m07:53:49.958827 [debug] [MainThread]: Connection 'test.jaffle_shop.not_null_stg_payments_payment_id.c19cc50075' was properly closed.
[0m07:53:49.959058 [debug] [MainThread]: Connection 'test.jaffle_shop.unique_stg_payments_payment_id.3744510712' was properly closed.
[0m07:53:49.959288 [debug] [MainThread]: Connection 'model.jaffle_shop.customers' was properly closed.
[0m07:53:49.959516 [debug] [MainThread]: Connection 'model.jaffle_shop.orders' was properly closed.
[0m07:53:49.959751 [debug] [MainThread]: Connection 'test.jaffle_shop.accepted_values_orders_status__placed__shipped__completed__return_pending__returned.be6b5b5ec3' was properly closed.
[0m07:53:49.959987 [debug] [MainThread]: Connection 'test.jaffle_shop.not_null_orders_coupon_amount.ab90c90625' was properly closed.
[0m07:53:49.960217 [debug] [MainThread]: Connection 'test.jaffle_shop.not_null_orders_order_id.cf6c17daed' was properly closed.
[0m07:53:49.960448 [debug] [MainThread]: Connection 'test.jaffle_shop.not_null_orders_amount.106140f9fd' was properly closed.
[0m07:53:49.960680 [debug] [MainThread]: Connection 'test.jaffle_shop.not_null_orders_bank_transfer_amount.7743500c49' was properly closed.
[0m07:53:49.960911 [debug] [MainThread]: Connection 'test.jaffle_shop.not_null_orders_credit_card_amount.d3ca593b59' was properly closed.
[0m07:53:49.961141 [debug] [MainThread]: Connection 'test.jaffle_shop.not_null_orders_customer_id.c5f02694af' was properly closed.
[0m07:53:49.961375 [debug] [MainThread]: Connection 'test.jaffle_shop.not_null_orders_gift_card_amount.413a0d2d7a' was properly closed.
[0m07:53:49.961606 [debug] [MainThread]: Connection 'test.jaffle_shop.not_null_customers_customer_id.5c9bf9911d' was properly closed.
[0m07:53:49.964803 [debug] [MainThread]: Command end result
[0m07:53:50.063057 [debug] [MainThread]: Wrote artifact WritableManifest to /Users/n-mjkim/workspace2/test_20260603/dbt-poc/jaffle_shop_duckdb/target/manifest.json
[0m07:53:50.066001 [debug] [MainThread]: Wrote artifact SemanticManifest to /Users/n-mjkim/workspace2/test_20260603/dbt-poc/jaffle_shop_duckdb/target/semantic_manifest.json
[0m07:53:50.073498 [debug] [MainThread]: Wrote artifact RunExecutionResult to /Users/n-mjkim/workspace2/test_20260603/dbt-poc/jaffle_shop_duckdb/target/run_results.json
[0m07:53:50.077001 [debug] [MainThread]: Acquiring new duckdb connection 'generate_catalog'
[0m07:53:50.077273 [info ] [MainThread]: Building catalog
[0m07:53:50.087206 [debug] [ThreadPool]: Acquiring new duckdb connection 'jaffle_shop.information_schema'
[0m07:53:50.093828 [debug] [ThreadPool]: Using duckdb connection "jaffle_shop.information_schema"
[0m07:53:50.094223 [debug] [ThreadPool]: On jaffle_shop.information_schema: BEGIN
[0m07:53:50.094480 [debug] [ThreadPool]: Opening a new connection, currently in state init
[0m07:53:50.095022 [debug] [ThreadPool]: SQL status: OK in 0.001 seconds
[0m07:53:50.095276 [debug] [ThreadPool]: Using duckdb connection "jaffle_shop.information_schema"
[0m07:53:50.095578 [debug] [ThreadPool]: On jaffle_shop.information_schema: /* {"app": "dbt", "dbt_version": "1.10.22", "profile_name": "jaffle_shop", "target_name": "dev", "connection_name": "jaffle_shop.information_schema"} */
with relations AS (
      select
        t.table_name
        , t.database_name
        , t.schema_name
        , 'BASE TABLE' as table_type
        , t.comment as table_comment
      from duckdb_tables() t
      WHERE t.database_name = 'jaffle_shop'
      UNION ALL
      SELECT v.view_name as table_name
      , v.database_name
      , v.schema_name
      , 'VIEW' as table_type
      , v.comment as table_comment
      from duckdb_views() v
      WHERE v.database_name = 'jaffle_shop'
    )
    select
        'jaffle_shop' as table_database,
        r.schema_name as table_schema,
        r.table_name,
        r.table_type,
        r.table_comment,
        c.column_name,
        c.column_index as column_index,
        c.data_type as column_type,
        c.comment as column_comment,
        NULL as table_owner
    FROM relations r JOIN duckdb_columns() c ON r.schema_name = c.schema_name AND r.table_name = c.table_name
    WHERE (upper(r.schema_name) = upper('main'))
    ORDER BY
        r.schema_name,
        r.table_name,
        c.column_index
[0m07:53:50.104237 [debug] [ThreadPool]: SQL status: OK in 0.008 seconds
[0m07:53:50.108435 [debug] [ThreadPool]: On jaffle_shop.information_schema: ROLLBACK
[0m07:53:50.108906 [debug] [ThreadPool]: Failed to rollback 'jaffle_shop.information_schema'
[0m07:53:50.109185 [debug] [ThreadPool]: On jaffle_shop.information_schema: Close
[0m07:53:50.121830 [debug] [MainThread]: Wrote artifact CatalogArtifact to /Users/n-mjkim/workspace2/test_20260603/dbt-poc/jaffle_shop_duckdb/target/catalog.json
[0m07:53:50.147704 [debug] [MainThread]: Wrote artifact WritableManifest to /Users/n-mjkim/workspace2/test_20260603/dbt-poc/jaffle_shop_duckdb/target/manifest.json
[0m07:53:50.149765 [debug] [MainThread]: Wrote artifact SemanticManifest to /Users/n-mjkim/workspace2/test_20260603/dbt-poc/jaffle_shop_duckdb/target/semantic_manifest.json
[0m07:53:50.150049 [info ] [MainThread]: Catalog written to /Users/n-mjkim/workspace2/test_20260603/dbt-poc/jaffle_shop_duckdb/target/catalog.json
[0m07:53:50.153624 [debug] [MainThread]: Resource report: {"command_name": "generate", "command_success": true, "command_wall_clock_time": 1.4028164, "process_in_blocks": "0", "process_kernel_time": 0.445598, "process_mem_max_rss": "144523264", "process_out_blocks": "0", "process_user_time": 2.201079}
[0m07:53:50.153999 [debug] [MainThread]: Command `dbt docs generate` succeeded at 07:53:50.153932 after 1.40 seconds
[0m07:53:50.154280 [debug] [MainThread]: Connection 'generate_catalog' was properly closed.
[0m07:53:50.154521 [debug] [MainThread]: Connection 'jaffle_shop.information_schema' was properly closed.
[0m07:53:50.154815 [debug] [MainThread]: Sending event: {'category': 'dbt', 'action': 'invocation', 'label': 'end', 'context': [<snowplow_tracker.self_describing_json.SelfDescribingJson object at 0x10c0a6e20>, <snowplow_tracker.self_describing_json.SelfDescribingJson object at 0x10d8023a0>, <snowplow_tracker.self_describing_json.SelfDescribingJson object at 0x10d8021c0>]}
[0m07:53:50.155235 [debug] [MainThread]: Flushing usage events
[0m07:53:50.999569 [debug] [MainThread]: An error was encountered while trying to flush usage events
[0m07:54:00.271459 [debug] [MainThread]: Sending event: {'category': 'dbt', 'action': 'invocation', 'label': 'start', 'context': [<snowplow_tracker.self_describing_json.SelfDescribingJson object at 0x10c8afe50>, <snowplow_tracker.self_describing_json.SelfDescribingJson object at 0x10d942d30>, <snowplow_tracker.self_describing_json.SelfDescribingJson object at 0x10d942310>]}


============================== 07:54:00.275606 | f8619895-c00a-47fa-9c64-8de5f654eff5 ==============================
[0m07:54:00.275606 [info ] [MainThread]: Running with dbt=1.10.22
[0m07:54:00.276117 [debug] [MainThread]: running dbt with arguments {'target_path': 'None', 'use_experimental_parser': 'False', 'no_print': 'None', 'cache_selected_only': 'False', 'printer_width': '80', 'send_anonymous_usage_stats': 'True', 'debug': 'False', 'invocation_command': 'dbt docs serve', 'empty': 'None', 'partial_parse': 'True', 'fail_fast': 'False', 'static_parser': 'True', 'log_path': '/Users/n-mjkim/workspace2/test_20260603/dbt-poc/jaffle_shop_duckdb/logs', 'indirect_selection': 'eager', 'log_cache_events': 'False', 'warn_error_options': 'WarnErrorOptionsV2(error=[], warn=[], silence=[])', 'log_format': 'default', 'profiles_dir': '/Users/n-mjkim/workspace2/test_20260603/dbt-poc/jaffle_shop_duckdb', 'quiet': 'False', 'version_check': 'False', 'write_json': 'True', 'use_colors': 'True', 'warn_error': 'None', 'introspect': 'True'}
[0m07:54:00.477683 [debug] [MainThread]: Sending event: {'category': 'dbt', 'action': 'project_id', 'label': 'f8619895-c00a-47fa-9c64-8de5f654eff5', 'context': [<snowplow_tracker.self_describing_json.SelfDescribingJson object at 0x10da056d0>]}
[0m07:54:00.528504 [debug] [MainThread]: Sending event: {'category': 'dbt', 'action': 'adapter_info', 'label': 'f8619895-c00a-47fa-9c64-8de5f654eff5', 'context': [<snowplow_tracker.self_describing_json.SelfDescribingJson object at 0x10d22b610>]}
